搭乘路線名稱,搭乘附屬路線名稱,搭乘公車路線方向,站序資料,站牌代碼,站間距離
1145,1145,0,1,238222,
1145,1145,0,2,275472,3937.87
1145,1145,0,3,151702,810.75
1145,1145,0,4,308942,2691.42
1145,1145,0,5,238223,267.8
1145,1145,0,6,238065,809.99
1145,1145,0,7,302654,1164.97
1145,1145,0,8,238224,951.85
1145,1145,0,9,290680,1756.95
1145,1145,0,10,151704,2075.65
1145,1145,0,11,292627,1446.43
1145,1145,0,12,292626,984.4
1145,1145,0,13,238226,1203.37
1145,1145,0,14,302066,1264.86
1145,1145,0,15,292624,829.58
1145,1145,0,16,292622,182.56
1145,1145,0,17,292620,467.51
1145,1145,0,18,151707,1946.93
1145,1145,0,19,286720,657.65
1145,1145,0,20,277886,726.11
1145,1145,0,21,251470,580.64
1145,1145,0,22,238228,787.91
1145,1145,0,23,238230,1338.41
1145,1145,0,24,251471,1445.39
1145,1145,0,25,309378,173.54
1145,1145,0,26,290704,165.11
1145,1145,0,27,151709,157.75
1145,1145,0,28,151710,1529.17
1145,1145,0,29,292618,584.76
1145,1145,0,30,292616,767.91
1145,1145,0,31,292613,474.28
1145,1145,0,32,292612,1207.32
1145,1145,0,33,292610,258.41
1145,1145,0,34,251472,2473.86
1145,1145,0,35,238232,1984.14
1145,1145,0,36,292608,1937.45
1145,1145,0,37,292606,208.29
1145,1145,0,38,292604,511.9
1145,1145,0,39,292602,1640.25
1145,1145,0,40,190140,1162.39
1145,1145,0,41,292600,253.93
1145,1145,0,42,307628,793.07
1145,1145,0,43,238233,693.68
1145,1145,0,44,292594,182.57
1145,1145,0,45,190579,335.84
1145,1145,0,46,292588,305.9
1145,1145,0,47,292587,688.09
1145,1145,0,48,151718,599.03
1145,1145,0,49,151719,565.9
1145,1145,0,50,290691,422.92
1145,1145,0,51,151720,606.07
1145,1145,0,52,247703,799.9
1145,1145,0,53,292585,378.65
1145,1145,0,54,292582,392.99
1145,1145,0,55,247704,385.68
1145,1145,0,56,292580,296.13
1145,1145,0,57,292577,930.16
1145,1145,0,58,145794,2325.24
1145,1145,0,59,238240,305.68
1145,1145,0,60,292574,1125.28
1145,1145,0,61,292570,4038
1145,1145,0,62,292569,1780.79
1145,1145,0,63,145970,2606.53
1145,1145,0,64,208824,342.28
1145,1145,0,65,292567,545.87
1145,1145,0,66,238243,724.04
1145,1145,0,67,292565,689
1145,1145,0,68,247708,776.77
1145,1145,0,69,247709,689.68
1145,1145,0,70,310457,393.6
1145,1145,0,71,292563,296.79
1145,1145,0,72,292560,187.7
1145,1145,0,73,238247,754.6
1145,1145,0,74,292559,565.15
1145,1145,0,75,238248,622.22
1145,1145,0,76,151727,255.44
1145,1145,0,77,292634,441.58
1145,1145,0,78,308752,939.09
1145,1145,0,79,292632,857.39
1145,1145,0,80,292498,1571.27
1145,1145,0,81,292496,568.8
1145,1145,0,82,151729,874.65
1145,1145,0,83,151730,352.71
1145,1145,0,84,251465,745.57
1145,1145,0,85,238251,346.83
1145,1145,0,86,247649,800.97
1145,1145,0,87,208832,3210.98
1145,1145,0,88,247710,1970.9
1145,1145,0,89,292494,890.44
1145,1145,0,90,308940,1991.18
1145,1145,0,91,238255,788.16
1145,1145,0,92,310454,2621.58
1145,1145,0,93,238256,400.26
1145,1145,0,94,238257,192.25
1145,1145,0,95,238258,336.93
1145,1145,0,96,247712,4791.01
1145,1145,0,97,151737,1115.12
1145,1145,0,98,292482,600.27
1145,1145,0,99,247713,2518.55
1145,1145,0,100,238261,1327.19
1145,1145,0,101,151739,678.72
1145,1145,0,102,247714,549.75
1145,1145,0,103,247715,1088.8
1145,1145,0,104,238264,1515.19
1145,1145,0,105,151740,732.35
1145,1145,0,106,238265,1026.37
1145,1145,0,107,307627,950.08
1145,1145,0,108,273897,475.57
1145,1145,0,109,246304,1892.9
1145,1145,0,110,208842,1026.48
1145,1145,0,111,238266,700.99
1145,1145,0,112,238267,823.98
1145,1145,0,113,237882,362.32
1145,1145,0,114,292480,280.53
1145,1145,0,115,292478,530.86
1145,1145,0,116,237697,362.93
1145,1145,0,117,222481,301.43
1145,1145,0,118,237698,320.79
1145,1145,0,119,222483,414.1
1145,1145,0,120,237699,425.21
1145,1145,0,121,151897,341.65
1145,1145,0,122,222367,488.38
1145,1145,0,123,151753,715.09
1145,1145,0,124,308691,431.07
1145,1145,0,125,151756,444.9
1145,1145,0,126,307559,797.08
1145,1145,1,1,238222,
1145,1145,1,2,275472,3937.87
1145,1145,1,3,151702,810.75
1145,1145,1,4,308942,2691.42
1145,1145,1,5,238223,267.8
1145,1145,1,6,238065,809.99
1145,1145,1,7,302654,1164.97
1145,1145,1,8,238224,951.85
1145,1145,1,9,290680,1756.95
1145,1145,1,10,151704,2075.65
1145,1145,1,11,292627,1446.43
1145,1145,1,12,292626,984.4
1145,1145,1,13,238226,1203.37
1145,1145,1,14,302066,1264.86
1145,1145,1,15,292624,829.58
1145,1145,1,16,292622,182.56
1145,1145,1,17,292620,467.51
1145,1145,1,18,151707,1946.93
1145,1145,1,19,286720,657.65
1145,1145,1,20,277886,726.11
1145,1145,1,21,251470,580.64
1145,1145,1,22,238228,787.91
1145,1145,1,23,238230,1338.41
1145,1145,1,24,251471,1445.39
1145,1145,1,25,309378,173.54
1145,1145,1,26,290704,165.11
1145,1145,1,27,151709,157.75
1145,1145,1,28,151710,1529.17
1145,1145,1,29,292618,584.76
1145,1145,1,30,292616,767.91
1145,1145,1,31,292613,474.28
1145,1145,1,32,292612,1207.32
1145,1145,1,33,292610,258.41
1145,1145,1,34,251472,2473.86
1145,1145,1,35,238232,1984.14
1145,1145,1,36,292608,1937.45
1145,1145,1,37,292606,208.29
1145,1145,1,38,292604,511.9
1145,1145,1,39,292602,1640.25
1145,1145,1,40,190140,1162.39
1145,1145,1,41,292600,253.93
1145,1145,1,42,307628,793.07
1145,1145,1,43,238233,693.68
1145,1145,1,44,292594,182.57
1145,1145,1,45,190579,335.84
1145,1145,1,46,292588,305.9
1145,1145,1,47,292587,688.09
1145,1145,1,48,151718,599.03
1145,1145,1,49,151719,565.9
1145,1145,1,50,290691,422.92
1145,1145,1,51,151720,606.07
1145,1145,1,52,247703,799.9
1145,1145,1,53,292585,378.65
1145,1145,1,54,292582,392.99
1145,1145,1,55,247704,385.68
1145,1145,1,56,292580,296.13
1145,1145,1,57,292577,930.16
1145,1145,1,58,145794,2325.24
1145,1145,1,59,238240,305.68
1145,1145,1,60,292574,1125.28
1145,1145,1,61,292570,4038
1145,1145,1,62,292569,1780.79
1145,1145,1,63,145970,2606.53
1145,1145,1,64,208824,342.28
1145,1145,1,65,292567,545.87
1145,1145,1,66,238243,724.04
1145,1145,1,67,292565,689
1145,1145,1,68,247708,776.77
1145,1145,1,69,247709,689.68
1145,1145,1,70,310457,393.6
1145,1145,1,71,292563,296.79
1145,1145,1,72,292560,187.7
1145,1145,1,73,238247,754.6
1145,1145,1,74,292559,565.15
1145,1145,1,75,238248,622.22
1145,1145,1,76,151727,255.44
1145,1145,1,77,292634,441.58
1145,1145,1,78,308752,939.09
1145,1145,1,79,292632,857.39
1145,1145,1,80,292498,1571.27
1145,1145,1,81,292496,568.8
1145,1145,1,82,151729,874.65
1145,1145,1,83,151730,352.71
1145,1145,1,84,251465,745.57
1145,1145,1,85,238251,346.83
1145,1145,1,86,247649,800.97
1145,1145,1,87,208832,3210.98
1145,1145,1,88,247710,1970.9
1145,1145,1,89,292494,890.44
1145,1145,1,90,308940,1991.18
1145,1145,1,91,238255,788.16
1145,1145,1,92,310454,2621.58
1145,1145,1,93,238256,400.26
1145,1145,1,94,238257,192.25
1145,1145,1,95,238258,336.93
1145,1145,1,96,247712,4791.01
1145,1145,1,97,151737,1115.12
1145,1145,1,98,292482,600.27
1145,1145,1,99,247713,2518.55
1145,1145,1,100,238261,1327.19
1145,1145,1,101,151739,678.72
1145,1145,1,102,247714,549.75
1145,1145,1,103,247715,1088.8
1145,1145,1,104,238264,1515.19
1145,1145,1,105,151740,732.35
1145,1145,1,106,238265,1026.37
1145,1145,1,107,307627,950.08
1145,1145,1,108,273897,475.57
1145,1145,1,109,246304,1892.9
1145,1145,1,110,208842,1026.48
1145,1145,1,111,238266,700.99
1145,1145,1,112,238267,823.98
1145,1145,1,113,237882,362.32
1145,1145,1,114,292480,280.53
1145,1145,1,115,292478,530.86
1145,1145,1,116,237697,362.93
1145,1145,1,117,222481,301.43
1145,1145,1,118,237698,320.79
1145,1145,1,119,222483,414.1
1145,1145,1,120,237699,425.21
1145,1145,1,121,151897,341.65
1145,1145,1,122,222367,488.38
1145,1145,1,123,151753,715.09
1145,1145,1,124,308691,431.07
1145,1145,1,125,151756,444.9
1145,1145,1,126,307559,797.08
309,309,0,1,304981,
309,309,0,2,304978,7983.68
309,309,0,3,304979,14177.76
309,309,0,4,304980,8622.62
309,309,0,5,304985,18586.57
309,309,0,6,304984,4121.3
309,309,0,7,304982,5990.45
309,309,0,8,304986,15821.28
309,309,0,9,304987,2118.86
309,309,0,10,304988,1612.81
309,309,0,11,304989,8624.31
309,309,0,12,304990,14174.29
309,309,0,13,304981,7984.64
8101,8101,0,1,300031,
8101,8101,0,2,96102,796.64
8101,8101,0,3,96103,398.84
8101,8101,0,4,92645,699.28
8101,8101,0,5,275475,219.9
8101,8101,0,6,96431,473.19
8101,8101,0,7,238991,375.58
8101,8101,0,8,92650,214.36
8101,8101,0,9,242597,571.46
8101,8101,0,10,311270,472.5
8101,8101,0,11,135239,380.11
8101,8101,0,12,307556,1071.34
8101,8101,0,13,263264,1169
8101,8101,0,14,307557,906.74
8101,8101,0,15,95067,995.13
8101,8101,0,16,135242,1599.86
8101,8101,0,17,96117,368.05
8101,8101,0,18,96118,221.02
8101,8101,0,19,95071,318.18
8101,8101,0,20,135245,501.25
8101,8101,0,21,190416,390.69
8101,8101,0,22,95074,457.6
8101,8101,0,23,96908,2331.57
8101,8101,0,24,96124,420.75
8101,8101,0,25,190421,1040.6
8101,8101,0,26,279442,257.09
8101,8101,0,27,135250,436.1
8101,8101,0,28,95348,567.03
8101,8101,0,29,96128,258.32
8101,8101,0,30,96913,254.07
8101,8101,0,31,96130,763.63
8101,8101,0,32,96915,513.48
8101,8101,0,33,135915,1056.72
8101,8101,0,34,96133,735.24
8101,8101,0,35,95086,291.52
8101,8101,0,36,135918,542.3
8101,8101,0,37,96136,343.3
8101,8101,0,38,238928,622.29
8101,8101,0,39,96138,296.07
8101,8101,0,40,95338,459.26
8101,8101,0,41,190436,985.45
8101,8101,0,42,238729,258.72
8101,8101,0,43,96141,386.28
8101,8101,0,44,96926,849.45
8101,8101,0,45,135264,1226.96
8101,8101,0,46,96144,741.67
8101,8101,0,47,96145,412.02
8101,8101,0,48,96146,548.57
8101,8101,0,49,135209,328.45
8101,8101,0,50,135268,216.44
8101,8101,0,51,96932,537.56
8101,8101,0,52,96149,883.72
8101,8101,0,53,96150,1014.13
8101,8101,0,54,238980,357.58
8101,8101,0,55,135273,220.11
8101,8101,0,56,96936,265.77
8101,8101,0,57,96937,274.58
8101,8101,0,58,135276,489.12
8101,8101,0,59,135277,1327.74
8101,8101,0,60,135278,730.48
8101,8101,0,61,96157,1045.33
8101,8101,0,62,135280,243.81
8101,8101,0,63,238986,237.68
8101,8101,0,64,96943,821.28
8101,8101,0,65,96160,692.34
8101,8101,0,66,135284,849.13
8101,8101,0,67,307552,245.62
8101,8101,0,68,308190,1371.96
8101,8101,0,69,96162,319.09
8101,8101,0,70,135287,641.57
8101,8101,0,71,95117,545.46
8101,8101,0,72,96165,354.96
8101,8101,0,73,275483,265.28
8101,8101,0,74,96166,288.39
8101,8101,0,75,135291,612.13
8101,8101,0,76,135292,596.38
8101,8101,0,77,135353,668.85
8101,8101,0,78,135352,345.77
8101,8101,0,79,96955,533.84
8101,8101,0,80,96956,465.09
8101,8101,0,81,135349,217.36
8101,8101,0,82,96958,301.46
8101,8101,0,83,190477,1073.22
8101,8101,0,84,135346,562.05
8101,8101,0,85,96961,594.15
8101,8101,0,86,96962,310.64
8101,8101,0,87,96963,503.58
8101,8101,0,88,135461,404.86
8101,8101,0,89,135460,320.04
8101,8101,0,90,307554,684.66
8101,8101,0,91,190484,236.97
8101,8101,0,92,97016,516.84
8101,8101,0,93,190486,773.46
8101,8101,0,94,190487,296.56
8101,8101,0,95,190488,394.56
8101,8101,0,96,190489,600.5
8101,8101,0,97,135309,595.6
8101,8101,0,98,135310,209
8101,8101,0,99,135332,691.93
8101,8101,0,100,135331,546.6
8101,8101,0,101,96972,443.53
8101,8101,0,102,135329,469.17
8101,8101,0,103,97024,587.5
8101,8101,0,104,96975,585.07
8101,8101,0,105,96976,337.38
8101,8101,0,106,97027,1394.31
8101,8101,0,107,96978,495.14
8101,8101,0,108,96979,463.79
8101,8101,0,109,301970,173.21
8101,8101,0,110,95618,365.09
8101,8101,0,111,135320,517.48
8101,8101,0,112,95621,437.48
8101,8101,0,113,95622,523.55
8101,8101,0,114,95748,1196.68
8101,8101,0,115,136093,303.29
8101,8101,0,116,190508,856.18
8101,8101,0,117,135431,811.73
8101,8101,0,118,136096,359.13
8101,8101,0,119,238993,1621.84
8101,8101,0,120,136098,709.43
8101,8101,0,121,95630,266.77
8101,8101,0,122,95745,346.28
8101,8101,0,123,135432,464.17
8101,8101,0,124,95744,203.8
8101,8101,0,125,136103,631.18
8101,8101,0,126,95742,369.62
8101,8101,0,127,136105,908.67
8101,8101,0,128,136106,1013.66
8101,8101,0,129,136107,746.12
8101,8101,0,130,95638,281.96
8101,8101,0,131,95741,1500.76
8101,8101,0,132,135433,291.15
8101,8101,0,133,95740,274.3
8101,8101,0,134,95739,1173.91
8101,8101,0,135,190092,984.38
8101,8101,0,136,190869,588.79
8101,8101,0,137,190870,617.61
8101,8101,0,138,191376,1019.79
8101,8101,0,139,190096,241.31
8101,8101,0,140,190097,829.03
8101,8101,0,141,238981,184.65
8101,8101,0,142,95649,467.28
8101,8101,0,143,190535,991.88
8101,8101,0,144,190101,954.81
8101,8101,0,145,190537,656.54
8101,8101,0,146,190103,287.19
8101,8101,0,147,190539,435.51
8101,8101,0,148,190540,585.39
8101,8101,0,149,190541,786.95
8101,8101,0,150,190542,340.62
8101,8101,0,151,190108,991.93
8101,8101,0,152,95731,481.64
8101,8101,0,153,190110,969.99
8101,8101,0,154,309378,174.29
8101,8101,0,155,95657,184.56
8101,8101,0,156,190547,137.35
8101,8101,0,157,191394,481.71
8101,8101,0,158,190549,429.95
8101,8101,0,159,190550,290.04
8101,8101,0,160,191397,336.84
8101,8101,0,161,190117,576.17
8101,8101,0,162,191399,412.57
8101,8101,0,163,190554,358.07
8101,8101,0,164,191401,467.98
8101,8101,0,165,191402,1208.07
8101,8101,0,166,190122,260.48
8101,8101,0,167,190123,415.16
8101,8101,0,168,238987,782.68
8101,8101,0,169,190125,861.21
8101,8101,0,170,190561,412.01
8101,8101,0,171,191408,187.8
8101,8101,0,172,238988,1208.14
8101,8101,0,173,190129,200.39
8101,8101,0,174,190130,388.7
8101,8101,0,175,190131,285.08
8101,8101,0,176,190132,506.69
8101,8101,0,177,190133,724.03
8101,8101,0,178,190134,422.51
8101,8101,0,179,238994,208.67
8101,8101,0,180,190136,182.09
8101,8101,0,181,190135,329.23
8101,8101,0,182,238950,1292.01
8101,8101,0,183,190139,348.32
8101,8101,0,184,190140,1162.18
8101,8101,0,185,190141,253.88
8101,8101,0,186,190577,1483.31
8101,8101,0,187,190143,189.54
8101,8101,0,188,190579,331.7
8101,8101,0,189,190580,309.82
8101,8101,0,190,189661,654.6
8101,8101,1,1,190146,
8101,8101,1,2,191006,673.89
8101,8101,1,3,191007,264.25
8101,8101,1,4,189664,369.31
8101,8101,1,5,191009,192.82
8101,8101,1,6,189666,1464.11
8101,8101,1,7,276519,288.93
8101,8101,1,8,189668,1140.65
8101,8101,1,9,238730,363.99
8101,8101,1,10,191016,1210.75
8101,8101,1,11,189671,398.76
8101,8101,1,12,238739,206.45
8101,8101,1,13,189673,176.64
8101,8101,1,14,189674,445.94
8101,8101,1,15,189675,700.37
8101,8101,1,16,189676,516.74
8101,8101,1,17,189677,285.41
8101,8101,1,18,189795,389.49
8101,8101,1,19,238982,194.89
8101,8101,1,20,189680,1212.38
8101,8101,1,21,190602,237.09
8101,8101,1,22,189682,373.8
8101,8101,1,23,238983,850.97
8101,8101,1,24,189801,783.38
8101,8101,1,25,189685,420.72
8101,8101,1,26,189686,253.3
8101,8101,1,27,189687,1250.38
8101,8101,1,28,190609,412.77
8101,8101,1,29,238985,395.25
8101,8101,1,30,189807,390.59
8101,8101,1,31,189808,606.09
8101,8101,1,32,189692,323.72
8101,8101,1,33,190614,270.72
8101,8101,1,34,189694,483.53
8101,8101,1,35,135436,421.21
8101,8101,1,36,189813,152.78
8101,8101,1,37,309379,187.66
8101,8101,1,38,189697,156.45
8101,8101,1,39,189815,970.17
8101,8101,1,40,95655,507.53
8101,8101,1,41,189700,973.08
8101,8101,1,42,189818,296.61
8101,8101,1,43,190623,802.07
8101,8101,1,44,189703,599.54
8101,8101,1,45,189821,440.71
8101,8101,1,46,135435,289.86
8101,8101,1,47,190627,636.69
8101,8101,1,48,189824,976.65
8101,8101,1,49,189708,984.64
8101,8101,1,50,238989,472.6
8101,8101,1,51,95735,171.46
8101,8101,1,52,95736,800.75
8101,8101,1,53,191243,235.02
8101,8101,1,54,189713,1069.49
8101,8101,1,55,189831,595.77
8101,8101,1,56,95738,635.69
8101,8101,1,57,189833,918.21
8101,8101,1,58,190638,1221.24
8101,8101,1,59,189718,280.52
8101,8101,1,60,263291,283.15
8101,8101,1,61,136112,1485.7
8101,8101,1,62,95637,283.87
8101,8101,1,63,95636,754.18
8101,8101,1,64,95635,1015.84
8101,8101,1,65,136116,886.46
8101,8101,1,66,95743,404.11
8101,8101,1,67,136118,628.29
8101,8101,1,68,136119,185.54
8101,8101,1,69,136120,412.32
8101,8101,1,70,275473,412.06
8101,8101,1,71,95629,284.31
8101,8101,1,72,238731,691.12
8101,8101,1,73,95746,1606.11
8101,8101,1,74,136125,367.21
8101,8101,1,75,191354,803.39
8101,8101,1,76,95747,859.59
8101,8101,1,77,136092,297.58
8101,8101,1,78,136129,1252.52
8101,8101,1,79,136130,492.78
8101,8101,1,80,264418,446
8101,8101,1,81,95151,514.57
8101,8101,1,82,301971,392.25
8101,8101,1,83,95619,146.59
8101,8101,1,84,135318,511.96
8101,8101,1,85,96977,508.14
8101,8101,1,86,97026,1366.06
8101,8101,1,87,97025,371.3
8101,8101,1,88,96974,585.77
8101,8101,1,89,95144,551.34
8101,8101,1,90,135313,506.32
8101,8101,1,91,135312,407.57
8101,8101,1,92,96971,570.17
8101,8101,1,93,264416,708.1
8101,8101,1,94,96970,190.29
8101,8101,1,95,191097,585.35
8101,8101,1,96,191098,594.08
8101,8101,1,97,191099,407.42
8101,8101,1,98,191100,296.89
8101,8101,1,99,96966,792.6
8101,8101,1,100,191102,495.12
8101,8101,1,101,307555,237.82
8101,8101,1,102,96964,672.01
8101,8101,1,103,135302,330.53
8101,8101,1,104,135343,419.62
8101,8101,1,105,135344,495.5
8101,8101,1,106,95129,291.72
8101,8101,1,107,95128,600.45
8101,8101,1,108,191109,563.05
8101,8101,1,109,135298,1068.75
8101,8101,1,110,96957,284.06
8101,8101,1,111,135350,253.57
8101,8101,1,112,191113,455.84
8101,8101,1,113,135294,513.29
8101,8101,1,114,96954,396.18
8101,8101,1,115,96953,623.98
8101,8101,1,116,96167,656.78
8101,8101,1,117,97001,569.91
8101,8101,1,118,135289,282.1
8101,8101,1,119,191120,266.21
8101,8101,1,120,96949,370.86
8101,8101,1,121,96163,545.14
8101,8101,1,122,135361,606
8101,8101,1,123,308200,382.25
8101,8101,1,124,307553,1344.32
8101,8101,1,125,96161,219.71
8101,8101,1,126,96944,862.53
8101,8101,1,127,96159,710.63
8101,8101,1,128,96942,795.61
8101,8101,1,129,135367,266.49
8101,8101,1,130,96941,232.24
8101,8101,1,131,96156,1040.43
8101,8101,1,132,96155,706.67
8101,8101,1,133,96154,1334.69
8101,8101,1,134,96153,488.89
8101,8101,1,135,96152,284.67
8101,8101,1,136,135374,274.94
8101,8101,1,137,96935,206.25
8101,8101,1,138,96934,368.43
8101,8101,1,139,96933,1012.8
8101,8101,1,140,96148,853.02
8101,8101,1,141,96147,552.91
8101,8101,1,142,135380,235.06
8101,8101,1,143,96930,336.32
8101,8101,1,144,135382,526.61
8101,8101,1,145,96928,429.85
8101,8101,1,146,96143,799.81
8101,8101,1,147,96142,1171.5
8101,8101,1,148,96925,845.56
8101,8101,1,149,238967,371.44
8101,8101,1,150,191150,288.69
8101,8101,1,151,96139,1001.07
8101,8101,1,152,135390,389.85
8101,8101,1,153,238935,329.21
8101,8101,1,154,135848,652
8101,8101,1,155,96919,353.7
8101,8101,1,156,96134,530.96
8101,8101,1,157,135395,271.77
8101,8101,1,158,96132,740.25
8101,8101,1,159,96131,1047.92
8101,8101,1,160,96914,509.88
8101,8101,1,161,96129,769.17
8101,8101,1,162,135400,250.16
8101,8101,1,163,135401,258.07
8101,8101,1,164,135402,557.96
8101,8101,1,165,238974,472.11
8101,8101,1,166,191165,246.16
8101,8101,1,167,96909,1029.3
8101,8101,1,168,276750,478.61
8101,8101,1,169,135407,2081.27
8101,8101,1,170,191170,451.96
8101,8101,1,171,191171,411.12
8101,8101,1,172,135410,497.36
8101,8101,1,173,263305,305.38
8101,8101,1,174,135412,203.76
8101,8101,1,175,96116,392.47
8101,8101,1,176,135414,1587.39
8101,8101,1,177,307556,940.21
8101,8101,1,178,263264,1169
8101,8101,1,179,307557,906.74
8101,8101,1,180,135418,1016.93
8101,8101,1,181,311271,441.9
8101,8101,1,182,92651,482.08
8101,8101,1,183,96110,549
8101,8101,1,184,238732,194.09
8101,8101,1,185,96108,400.82
8101,8101,1,186,96433,477.43
8101,8101,1,187,275474,217.77
8101,8101,1,188,135427,666.52
8101,8101,1,189,96903,430.25
8101,8101,1,190,300030,339.59
8101,8101A,0,1,300031,
8101,8101A,0,2,293959,7612.35
8101,8101A,0,3,293970,109514.23
8101,8101A,0,4,311807,9213.49
8101,8101A,0,5,293998,26658.22
8101,8101A,0,6,306025,13285.94
8101,8101A,0,7,300759,879.26
8101,8101A,0,8,294000,4416.23
8101,8101A,0,9,293988,42645.93
8101,8101A,0,10,293959,16221.4
8101,8101A,0,11,300030,6334.33
8101,8101B,0,1,300031,
8101,8101B,0,2,293959,7001.78
8101,8101B,0,3,293998,39294.06
8101,8101B,0,4,311239,8986.69
8101,8101B,0,5,293959,34522.86
8101,8101B,0,6,300030,7612.35
8101,8101C,0,1,300031,
8101,8101C,0,2,293959,7021.03
8101,8101C,0,3,311807,19815.51
8101,8101C,0,4,293998,23696.31
8101,8101C,0,5,307551,21924.47
8101,8101C,0,6,293959,21835.32
8101,8101C,0,7,300030,6118.43
8101,8101D,0,1,300031,
8101,8101D,0,2,293959,6970.8
8101,8101D,0,3,293974,12465.96
8101,8101D,0,4,293998,31033.29
8101,8101D,0,5,293990,20919.38
8101,8101D,0,6,293970,11569.59
8101,8101D,0,7,293959,11762.02
8101,8101D,0,8,300030,6119.09
8102,8102,0,1,300031,
8102,8102,0,2,96102,796.58
8102,8102,0,3,96904,394.59
8102,8102,0,4,190189,175.62
8102,8102,0,5,190190,573.34
8102,8102,0,6,190191,199.91
8102,8102,0,7,96908,2615.06
8102,8102,0,8,96124,420.75
8102,8102,0,9,190421,1040.6
8102,8102,0,10,279442,257.09
8102,8102,0,11,135250,436.1
8102,8102,0,12,95348,567.03
8102,8102,0,13,96128,258.32
8102,8102,0,14,96913,254.07
8102,8102,0,15,96130,763.63
8102,8102,0,16,96915,513.48
8102,8102,0,17,135915,1056.72
8102,8102,0,18,96133,735.24
8102,8102,0,19,95086,291.52
8102,8102,0,20,135918,542.3
8102,8102,0,21,96136,343.3
8102,8102,0,22,238928,622.29
8102,8102,0,23,96138,296.07
8102,8102,0,24,95338,459.26
8102,8102,0,25,190436,985.45
8102,8102,0,26,238729,258.72
8102,8102,0,27,96141,386.28
8102,8102,0,28,96926,849.45
8102,8102,0,29,135264,1226.96
8102,8102,0,30,96144,741.67
8102,8102,0,31,96145,412.02
8102,8102,0,32,96146,548.57
8102,8102,0,33,135209,328.45
8102,8102,0,34,135268,216.44
8102,8102,0,35,96932,537.56
8102,8102,0,36,96149,883.72
8102,8102,0,37,96150,1014.13
8102,8102,0,38,238980,357.58
8102,8102,0,39,135273,220.11
8102,8102,0,40,96936,265.77
8102,8102,0,41,96937,274.58
8102,8102,0,42,135276,489.12
8102,8102,0,43,135277,1327.74
8102,8102,0,44,135278,730.4
8102,8102,0,45,96157,1045.41
8102,8102,0,46,135280,243.81
8102,8102,0,47,238986,237.68
8102,8102,0,48,96943,821.28
8102,8102,0,49,96160,692.34
8102,8102,0,50,135284,849.13
8102,8102,0,51,307552,245.62
8102,8102,0,52,308190,1371.96
8102,8102,0,53,96162,319.09
8102,8102,0,54,135287,641.57
8102,8102,0,55,95117,545.46
8102,8102,0,56,96165,354.96
8102,8102,0,57,275483,265.22
8102,8102,0,58,96166,288.43
8102,8102,0,59,135291,612.13
8102,8102,0,60,135292,596.38
8102,8102,0,61,135353,668.85
8102,8102,0,62,135352,345.77
8102,8102,0,63,96955,533.84
8102,8102,0,64,96956,464.94
8102,8102,0,65,135349,217.53
8102,8102,0,66,96958,301.46
8102,8102,0,67,190477,1073.21
8102,8102,0,68,135346,562.05
8102,8102,0,69,96961,594.15
8102,8102,0,70,96962,310.64
8102,8102,0,71,96963,504.3
8102,8102,0,72,135461,404.1
8102,8102,0,73,135460,320.04
8102,8102,0,74,307554,684.66
8102,8102,0,75,190484,236.97
8102,8102,0,76,97016,516.84
8102,8102,0,77,190486,773.46
8102,8102,0,78,190487,296.56
8102,8102,0,79,190488,393.51
8102,8102,0,80,190489,601.61
8102,8102,0,81,135309,595.6
8102,8102,0,82,135310,208.93
8102,8102,0,83,135332,691.76
8102,8102,0,84,135331,546.6
8102,8102,0,85,96972,443.53
8102,8102,0,86,135329,469.17
8102,8102,0,87,97024,587.5
8102,8102,0,88,96975,585.07
8102,8102,0,89,96976,337.38
8102,8102,0,90,97027,1394.31
8102,8102,0,91,96978,494.65
8102,8102,0,92,96979,463.98
8102,8102,0,93,301970,173.21
8102,8102,0,94,95618,365.24
8102,8102,0,95,135320,517.22
8102,8102,0,96,95621,437.48
8102,8102,0,97,95622,523.55
8102,8102,0,98,95748,1196.59
8102,8102,0,99,136093,305.97
8102,8102,0,100,190508,856.15
8102,8102,0,101,135431,811.73
8102,8102,0,102,136096,359.13
8102,8102,0,103,238993,1621.97
8102,8102,0,104,136098,709.68
8102,8102,0,105,95630,266.38
8102,8102,0,106,95745,346.28
8102,8102,0,107,135432,464.17
8102,8102,0,108,95744,203.8
8102,8102,0,109,136103,631.18
8102,8102,0,110,95742,369.62
8102,8102,0,111,136105,908.67
8102,8102,0,112,136106,1013.66
8102,8102,0,113,136107,746.12
8102,8102,0,114,95638,281.96
8102,8102,0,115,95741,1500.76
8102,8102,0,116,135433,291.15
8102,8102,0,117,95740,274.3
8102,8102,0,118,95739,1173.91
8102,8102,0,119,190092,984.38
8102,8102,0,120,190869,588.79
8102,8102,0,121,190870,617.61
8102,8102,0,122,191376,1019.79
8102,8102,0,123,190096,241.31
8102,8102,0,124,190097,829.03
8102,8102,0,125,238981,184.2
8102,8102,0,126,95649,467.72
8102,8102,0,127,190535,991.88
8102,8102,0,128,190101,954.81
8102,8102,0,129,190537,656.54
8102,8102,0,130,190103,287.19
8102,8102,0,131,190539,435.89
8102,8102,0,132,190540,585.09
8102,8102,0,133,190541,786.95
8102,8102,0,134,190542,340.62
8102,8102,0,135,190108,991.93
8102,8102,0,136,95731,481.64
8102,8102,0,137,190110,969.99
8102,8102,0,138,309378,174.29
8102,8102,0,139,95657,184.56
8102,8102,0,140,190547,137.35
8102,8102,0,141,191394,481.71
8102,8102,0,142,190549,429.95
8102,8102,0,143,190550,290.06
8102,8102,0,144,191397,336.84
8102,8102,0,145,190117,576.28
8102,8102,0,146,191399,412.14
8102,8102,0,147,190554,358.34
8102,8102,0,148,191401,467.98
8102,8102,0,149,191402,1208.07
8102,8102,0,150,190122,260.46
8102,8102,0,151,190123,415.19
8102,8102,0,152,238987,782.68
8102,8102,0,153,190125,861.21
8102,8102,0,154,190561,412.05
8102,8102,0,155,191408,187.77
8102,8102,0,156,238988,1208.14
8102,8102,0,157,190129,200.39
8102,8102,0,158,190130,388.7
8102,8102,0,159,190131,285.08
8102,8102,0,160,190132,506.69
8102,8102,0,161,190133,724.03
8102,8102,0,162,190134,422.51
8102,8102,0,163,238994,208.67
8102,8102,0,164,190136,182.09
8102,8102,0,165,190135,329.23
8102,8102,0,166,238950,1292.01
8102,8102,0,167,190139,348.32
8102,8102,0,168,190140,1162.18
8102,8102,0,169,190141,253.88
8102,8102,0,170,190577,1483.31
8102,8102,0,171,190143,189.54
8102,8102,0,172,190579,331.78
8102,8102,0,173,190580,309.75
8102,8102,0,174,189661,654.6
8102,8102,1,1,190146,
8102,8102,1,2,191006,673.66
8102,8102,1,3,191007,264.25
8102,8102,1,4,189664,369.31
8102,8102,1,5,191009,192.82
8102,8102,1,6,189666,1464.11
8102,8102,1,7,276519,288.93
8102,8102,1,8,189668,1140.65
8102,8102,1,9,238730,363.99
8102,8102,1,10,191016,1210.75
8102,8102,1,11,189671,398.39
8102,8102,1,12,238739,206.85
8102,8102,1,13,189673,176.64
8102,8102,1,14,189674,445.94
8102,8102,1,15,189675,700.37
8102,8102,1,16,189676,516.74
8102,8102,1,17,189677,285.41
8102,8102,1,18,189795,389.49
8102,8102,1,19,238982,194.89
8102,8102,1,20,189680,1212.38
8102,8102,1,21,190602,237.09
8102,8102,1,22,189682,373.63
8102,8102,1,23,238983,851.14
8102,8102,1,24,189801,783.38
8102,8102,1,25,189685,420.72
8102,8102,1,26,189686,253.3
8102,8102,1,27,189687,1250.38
8102,8102,1,28,190609,412.94
8102,8102,1,29,238985,395.07
8102,8102,1,30,189807,388.62
8102,8102,1,31,189808,608
8102,8102,1,32,189692,323.72
8102,8102,1,33,190614,270.72
8102,8102,1,34,189694,483.53
8102,8102,1,35,135436,421.21
8102,8102,1,36,189813,152.78
8102,8102,1,37,309379,187.66
8102,8102,1,38,189697,156.45
8102,8102,1,39,189815,970.17
8102,8102,1,40,95655,507.53
8102,8102,1,41,189700,971.7
8102,8102,1,42,189818,298.02
8102,8102,1,43,190623,802.07
8102,8102,1,44,189703,600.9
8102,8102,1,45,189821,439.35
8102,8102,1,46,135435,289.86
8102,8102,1,47,190627,636.69
8102,8102,1,48,189824,976.74
8102,8102,1,49,189708,984.72
8102,8102,1,50,238989,472.65
8102,8102,1,51,95735,171.46
8102,8102,1,52,95736,800.34
8102,8102,1,53,191243,235.39
8102,8102,1,54,189713,1069.54
8102,8102,1,55,189831,595.77
8102,8102,1,56,95738,635.69
8102,8102,1,57,189833,917.94
8102,8102,1,58,190638,1216.66
8102,8102,1,59,189718,285.41
8102,8102,1,60,263291,283.15
8102,8102,1,61,136112,1485.7
8102,8102,1,62,95637,283.87
8102,8102,1,63,95636,754.15
8102,8102,1,64,95635,1015.63
8102,8102,1,65,136116,886.67
8102,8102,1,66,95743,404.11
8102,8102,1,67,136118,628.29
8102,8102,1,68,136119,185.54
8102,8102,1,69,136120,412.32
8102,8102,1,70,275473,412.06
8102,8102,1,71,95629,284.27
8102,8102,1,72,238731,690.88
8102,8102,1,73,95746,1606.37
8102,8102,1,74,136125,367.21
8102,8102,1,75,191354,803.39
8102,8102,1,76,95747,859.59
8102,8102,1,77,136092,378.18
8102,8102,1,78,136129,1252.52
8102,8102,1,79,136130,492.78
8102,8102,1,80,264418,445.88
8102,8102,1,81,95151,514.68
8102,8102,1,82,301971,392.25
8102,8102,1,83,95619,146.59
8102,8102,1,84,135318,511.96
8102,8102,1,85,96977,509.23
8102,8102,1,86,97026,1365.03
8102,8102,1,87,97025,371.3
8102,8102,1,88,96974,585.77
8102,8102,1,89,95144,551.34
8102,8102,1,90,135313,506.28
8102,8102,1,91,135312,407.59
8102,8102,1,92,96971,570.17
8102,8102,1,93,264416,708.1
8102,8102,1,94,96970,190.12
8102,8102,1,95,191097,585.81
8102,8102,1,96,191098,593.84
8102,8102,1,97,191099,407.4
8102,8102,1,98,191100,296.95
8102,8102,1,99,96966,792.6
8102,8102,1,100,191102,495.16
8102,8102,1,101,307555,237.82
8102,8102,1,102,96964,672.01
8102,8102,1,103,135302,330.53
8102,8102,1,104,135343,419.62
8102,8102,1,105,135344,495.5
8102,8102,1,106,95129,291.72
8102,8102,1,107,95128,600.45
8102,8102,1,108,191109,563.05
8102,8102,1,109,135298,1068.75
8102,8102,1,110,96957,284.06
8102,8102,1,111,135350,253.57
8102,8102,1,112,191113,455.84
8102,8102,1,113,135294,513.28
8102,8102,1,114,96954,396.18
8102,8102,1,115,96953,623.98
8102,8102,1,116,96167,656.79
8102,8102,1,117,97001,569.91
8102,8102,1,118,135289,282.1
8102,8102,1,119,191120,266.21
8102,8102,1,120,96949,370.86
8102,8102,1,121,96163,545.13
8102,8102,1,122,135361,606.01
8102,8102,1,123,308200,382.29
8102,8102,1,124,307553,1344.28
8102,8102,1,125,96161,2761.92
8102,8102,1,126,96944,860.31
8102,8102,1,127,96159,712.06
8102,8102,1,128,96942,794.69
8102,8102,1,129,135367,267.25
8102,8102,1,130,96941,232.21
8102,8102,1,131,96156,1040.43
8102,8102,1,132,96155,706.67
8102,8102,1,133,96154,1334.69
8102,8102,1,134,96153,488.89
8102,8102,1,135,96152,284.67
8102,8102,1,136,135374,274.94
8102,8102,1,137,96935,206.25
8102,8102,1,138,96934,368.43
8102,8102,1,139,96933,1012.79
8102,8102,1,140,96148,853.55
8102,8102,1,141,96147,552.38
8102,8102,1,142,135380,235.06
8102,8102,1,143,96930,336.26
8102,8102,1,144,135382,526.67
8102,8102,1,145,96928,429.85
8102,8102,1,146,96143,799.81
8102,8102,1,147,96142,1171.5
8102,8102,1,148,96925,845.56
8102,8102,1,149,238967,371.44
8102,8102,1,150,191150,288.69
8102,8102,1,151,96139,1001.07
8102,8102,1,152,135390,389.85
8102,8102,1,153,238935,329.21
8102,8102,1,154,135848,652
8102,8102,1,155,96919,353.7
8102,8102,1,156,96134,530.96
8102,8102,1,157,135395,271.77
8102,8102,1,158,96132,741.25
8102,8102,1,159,96131,1046.94
8102,8102,1,160,96914,509.88
8102,8102,1,161,96129,769.17
8102,8102,1,162,135400,250.16
8102,8102,1,163,135401,258.64
8102,8102,1,164,135402,557.33
8102,8102,1,165,238974,472.11
8102,8102,1,166,191165,246.16
8102,8102,1,167,96909,1029.3
8102,8102,1,168,276750,478.61
8102,8102,1,169,96907,2566.52
8102,8102,1,170,96906,191.69
8102,8102,1,171,96905,575.49
8102,8102,1,172,189945,168.33
8102,8102,1,173,96903,396.77
8102,8102,1,174,300030,336.39
8103,8103,0,1,300031,
8103,8103,0,2,96102,796.58
8103,8103,0,3,96103,399.33
8103,8103,0,4,92645,698.86
8103,8103,0,5,275475,219.9
8103,8103,0,6,96431,473.19
8103,8103,0,7,238991,375.58
8103,8103,0,8,92650,214.36
8103,8103,0,9,242597,571.46
8103,8103,0,10,311270,472.5
8103,8103,0,11,135239,380.11
8103,8103,0,12,307556,1071.34
8103,8103,0,13,263264,1180.14
8103,8103,0,14,307557,899.55
8103,8103,0,15,95067,1429.25
8103,8103,0,16,135242,1598.09
8103,8103,0,17,96117,367.67
8103,8103,0,18,96118,221.43
8103,8103,0,19,95071,318.41
8103,8103,0,20,135245,501.04
8103,8103,0,21,190416,390.68
8103,8103,0,22,95074,457.6
8103,8103,0,23,96908,2331.57
8103,8103,0,24,96124,420.75
8103,8103,0,25,190421,1040.6
8103,8103,0,26,279442,257.09
8103,8103,0,27,135250,436.1
8103,8103,0,28,95348,567.03
8103,8103,0,29,96128,258.32
8103,8103,0,30,96913,254.07
8103,8103,0,31,96130,763.63
8103,8103,0,32,96915,513.48
8103,8103,0,33,135915,1056.72
8103,8103,0,34,96133,735.24
8103,8103,0,35,95086,291.52
8103,8103,0,36,135918,542.3
8103,8103,0,37,96136,343.3
8103,8103,0,38,238928,622.29
8103,8103,0,39,96138,296.07
8103,8103,0,40,95338,459.26
8103,8103,0,41,190436,985.45
8103,8103,0,42,238729,258.72
8103,8103,0,43,96141,386.28
8103,8103,0,44,96926,849.45
8103,8103,0,45,135264,1226.96
8103,8103,0,46,96144,741.67
8103,8103,0,47,96145,412.02
8103,8103,0,48,96146,548.57
8103,8103,0,49,135209,328.45
8103,8103,0,50,135268,216.44
8103,8103,0,51,96932,537.56
8103,8103,0,52,96149,883.72
8103,8103,0,53,96150,1014.13
8103,8103,0,54,238980,357.58
8103,8103,0,55,135273,220.11
8103,8103,0,56,96936,265.77
8103,8103,0,57,96937,274.58
8103,8103,0,58,135276,489.12
8103,8103,0,59,135277,1327.74
8103,8103,0,60,135278,730.05
8103,8103,0,61,96157,1045.72
8103,8103,0,62,135280,243.81
8103,8103,0,63,238986,237.68
8103,8103,0,64,96943,821.28
8103,8103,0,65,96160,693.05
8103,8103,0,66,135284,848.46
8103,8103,0,67,307552,245.62
8103,8103,0,68,308190,1371.96
8103,8103,0,69,96162,319.09
8103,8103,0,70,135287,641.57
8103,8103,0,71,95117,545.46
8103,8103,0,72,96165,354.96
8103,8103,0,73,275483,265.22
8103,8103,0,74,96166,288.45
8103,8103,0,75,135291,612.13
8103,8103,0,76,135292,596.38
8103,8103,0,77,135353,668.85
8103,8103,0,78,135352,345.77
8103,8103,0,79,96955,533.84
8103,8103,0,80,96956,464.94
8103,8103,0,81,135349,217.53
8103,8103,0,82,96958,301.46
8103,8103,0,83,190477,1073.21
8103,8103,0,84,135346,562.05
8103,8103,0,85,96961,594.15
8103,8103,0,86,96962,310.64
8103,8103,0,87,96963,504.3
8103,8103,0,88,135461,404.1
8103,8103,0,89,135460,320.04
8103,8103,0,90,307554,684.66
8103,8103,0,91,190484,236.97
8103,8103,0,92,97016,516.84
8103,8103,0,93,190486,773.46
8103,8103,0,94,190487,296.56
8103,8103,0,95,190488,393.58
8103,8103,0,96,190489,601.61
8103,8103,0,97,135309,595.6
8103,8103,0,98,135310,209.74
8103,8103,0,99,135332,690.99
8103,8103,0,100,135331,546.6
8103,8103,0,101,96972,443.53
8103,8103,0,102,135329,469.17
8103,8103,0,103,97024,587.5
8103,8103,0,104,96975,585.07
8103,8103,0,105,96976,337.38
8103,8103,0,106,97027,1394.31
8103,8103,0,107,96978,494.65
8103,8103,0,108,96979,463.98
8103,8103,0,109,301970,173.21
8103,8103,0,110,95618,365.24
8103,8103,0,111,135320,516.87
8103,8103,1,1,264418,
8103,8103,1,2,95151,514.23
8103,8103,1,3,301971,392.25
8103,8103,1,4,95619,146.59
8103,8103,1,5,135318,466.16
8103,8103,1,6,96977,508.14
8103,8103,1,7,97026,1366.06
8103,8103,1,8,97025,371.3
8103,8103,1,9,96974,585.77
8103,8103,1,10,95144,551.34
8103,8103,1,11,135313,506.28
8103,8103,1,12,135312,407.59
8103,8103,1,13,96971,568.88
8103,8103,1,14,264416,709.4
8103,8103,1,15,96970,190.29
8103,8103,1,16,191097,585.64
8103,8103,1,17,191098,593.8
8103,8103,1,18,191099,407.48
8103,8103,1,19,191100,296.94
8103,8103,1,20,96966,792.6
8103,8103,1,21,191102,495.12
8103,8103,1,22,307555,237.82
8103,8103,1,23,96964,672.01
8103,8103,1,24,135302,330.53
8103,8103,1,25,135343,419.62
8103,8103,1,26,135344,495.5
8103,8103,1,27,95129,291.72
8103,8103,1,28,95128,600.45
8103,8103,1,29,191109,563.05
8103,8103,1,30,135298,1068.75
8103,8103,1,31,96957,284.06
8103,8103,1,32,135350,253.57
8103,8103,1,33,191113,455.84
8103,8103,1,34,135294,513.28
8103,8103,1,35,96954,396.18
8103,8103,1,36,96953,623.98
8103,8103,1,37,96167,656.86
8103,8103,1,38,97001,569.91
8103,8103,1,39,135289,282.1
8103,8103,1,40,191120,266.21
8103,8103,1,41,96949,370.86
8103,8103,1,42,96163,545.1
8103,8103,1,43,135361,606.03
8103,8103,1,44,308200,382.29
8103,8103,1,45,307553,1344.28
8103,8103,1,46,96161,2761.92
8103,8103,1,47,96944,860.31
8103,8103,1,48,96159,712.06
8103,8103,1,49,96942,794.69
8103,8103,1,50,135367,267.25
8103,8103,1,51,96941,232.21
8103,8103,1,52,96156,1041.12
8103,8103,1,53,96155,706.02
8103,8103,1,54,96154,1334.69
8103,8103,1,55,96153,488.89
8103,8103,1,56,96152,284.67
8103,8103,1,57,135374,274.94
8103,8103,1,58,96935,206.25
8103,8103,1,59,96934,368.43
8103,8103,1,60,96933,1012.78
8103,8103,1,61,96148,853.34
8103,8103,1,62,96147,552.58
8103,8103,1,63,135380,235.06
8103,8103,1,64,96930,336.26
8103,8103,1,65,135382,526.67
8103,8103,1,66,96928,430.11
8103,8103,1,67,96143,799.56
8103,8103,1,68,96142,1171.54
8103,8103,1,69,96925,845.56
8103,8103,1,70,238967,371.44
8103,8103,1,71,191150,288.69
8103,8103,1,72,96139,1001.07
8103,8103,1,73,135390,389.85
8103,8103,1,74,238935,329.21
8103,8103,1,75,135848,652
8103,8103,1,76,96919,353.7
8103,8103,1,77,96134,531.36
8103,8103,1,78,135395,271.4
8103,8103,1,79,96132,741.25
8103,8103,1,80,96131,1046.94
8103,8103,1,81,96914,509.88
8103,8103,1,82,96129,769.17
8103,8103,1,83,135400,250.16
8103,8103,1,84,135401,258.64
8103,8103,1,85,135402,557.36
8103,8103,1,86,238974,472.11
8103,8103,1,87,191165,246.16
8103,8103,1,88,96909,1029.3
8103,8103,1,89,276750,478.61
8103,8103,1,90,135407,2081.27
8103,8103,1,91,191170,451.96
8103,8103,1,92,191171,411.12
8103,8103,1,93,135410,497.36
8103,8103,1,94,263305,305.38
8103,8103,1,95,135412,203.73
8103,8103,1,96,96116,392.47
8103,8103,1,97,135414,1587.39
8103,8103,1,98,307556,940.21
8103,8103,1,99,263264,1169.21
8103,8103,1,100,307557,906.55
8103,8103,1,101,135418,1016.93
8103,8103,1,102,311271,441.9
8103,8103,1,103,92651,482.08
8103,8103,1,104,96110,549
8103,8103,1,105,238732,194.09
8103,8103,1,106,96108,400.82
8103,8103,1,107,96433,477.43
8103,8103,1,108,275474,217.77
8103,8103,1,109,135427,666.52
8103,8103,1,110,96903,430.25
8103,8103,1,111,300030,339.41
8105,8105,0,1,135320,
8105,8105,0,2,95621,437.48
8105,8105,0,3,95622,523.57
8105,8105,0,4,95748,1196.67
8105,8105,0,5,136093,303.35
8105,8105,0,6,190508,856.15
8105,8105,0,7,135431,811.73
8105,8105,0,8,136096,359.13
8105,8105,0,9,238993,1621.84
8105,8105,0,10,136098,709.58
8105,8105,0,11,95630,266.6
8105,8105,0,12,95745,346.28
8105,8105,0,13,135432,464.17
8105,8105,0,14,95744,203.8
8105,8105,0,15,136103,631.18
8105,8105,0,16,95742,369.62
8105,8105,0,17,136105,908.67
8105,8105,0,18,136106,1013.66
8105,8105,0,19,136107,746.12
8105,8105,0,20,95638,281.96
8105,8105,0,21,95741,1500.76
8105,8105,0,22,135433,291.15
8105,8105,0,23,95740,274.3
8105,8105,0,24,95739,1173.91
8105,8105,0,25,190092,984.38
8105,8105,0,26,190869,588.79
8105,8105,0,27,190870,617.61
8105,8105,0,28,191376,1019.79
8105,8105,0,29,190096,241.31
8105,8105,0,30,190097,829.03
8105,8105,0,31,238981,184.65
8105,8105,0,32,95649,467.28
8105,8105,0,33,190535,991.88
8105,8105,0,34,190101,954.81
8105,8105,0,35,190537,656.54
8105,8105,0,36,190103,287.19
8105,8105,0,37,190539,435.51
8105,8105,0,38,190540,585.39
8105,8105,0,39,190541,786.95
8105,8105,0,40,190542,340.62
8105,8105,0,41,190108,991.93
8105,8105,0,42,95731,481.64
8105,8105,0,43,190110,969.99
8105,8105,0,44,309378,174.29
8105,8105,0,45,95657,184.56
8105,8105,0,46,190547,137.35
8105,8105,0,47,191394,481.71
8105,8105,0,48,190549,429.95
8105,8105,0,49,190550,290.06
8105,8105,0,50,191397,336.84
8105,8105,0,51,190117,576.36
8105,8105,0,52,191399,412.06
8105,8105,0,53,190554,358.36
8105,8105,0,54,191401,467.98
8105,8105,0,55,191402,1208.07
8105,8105,0,56,190122,260.44
8105,8105,0,57,190123,415.24
8105,8105,0,58,238987,782.68
8105,8105,0,59,190125,861.21
8105,8105,0,60,190561,412.05
8105,8105,0,61,191408,187.77
8105,8105,0,62,238988,1208.14
8105,8105,0,63,190129,200.39
8105,8105,0,64,190130,388.7
8105,8105,0,65,190131,285.08
8105,8105,0,66,190132,506.69
8105,8105,0,67,190133,724.03
8105,8105,0,68,190134,422.51
8105,8105,0,69,238994,208.67
8105,8105,0,70,190136,182.09
8105,8105,0,71,190135,329.23
8105,8105,0,72,238950,1292.01
8105,8105,0,73,190139,348.32
8105,8105,0,74,190140,1162.18
8105,8105,0,75,190141,253.88
8105,8105,0,76,190577,1483.31
8105,8105,0,77,190143,189.55
8105,8105,0,78,190579,331.84
8105,8105,0,79,190580,309.7
8105,8105,0,80,189661,654.6
8105,8105,1,1,190146,
8105,8105,1,2,191006,673.66
8105,8105,1,3,191007,264.25
8105,8105,1,4,189664,369.31
8105,8105,1,5,191009,192.82
8105,8105,1,6,189666,1464.11
8105,8105,1,7,276519,288.93
8105,8105,1,8,189668,1140.65
8105,8105,1,9,238730,363.99
8105,8105,1,10,191016,1210.62
8105,8105,1,11,189671,399.32
8105,8105,1,12,238739,205.99
8105,8105,1,13,189673,176.64
8105,8105,1,14,189674,445.94
8105,8105,1,15,189675,700.37
8105,8105,1,16,189676,516.74
8105,8105,1,17,189677,285.52
8105,8105,1,18,189795,389.76
8105,8105,1,19,238982,194.1
8105,8105,1,20,189680,1212.38
8105,8105,1,21,190602,237.19
8105,8105,1,22,189682,373.47
8105,8105,1,23,238983,850.59
8105,8105,1,24,189801,783.83
8105,8105,1,25,189685,420.72
8105,8105,1,26,189686,253.3
8105,8105,1,27,189687,1250.38
8105,8105,1,28,190609,412.97
8105,8105,1,29,238985,394.36
8105,8105,1,30,189807,388.58
8105,8105,1,31,189808,607.69
8105,8105,1,32,189692,323.94
8105,8105,1,33,190614,270.72
8105,8105,1,34,189694,483.53
8105,8105,1,35,135436,421.21
8105,8105,1,36,189813,152.78
8105,8105,1,37,309379,187.66
8105,8105,1,38,189697,156.45
8105,8105,1,39,189815,970.17
8105,8105,1,40,95655,507.54
8105,8105,1,41,189700,973.07
8105,8105,1,42,189818,296.38
8105,8105,1,43,190623,802.07
8105,8105,1,44,189703,599.42
8105,8105,1,45,189821,439.9
8105,8105,1,46,135435,289.86
8105,8105,1,47,190627,636.93
8105,8105,1,48,189824,975.2
8105,8105,1,49,189708,983.9
8105,8105,1,50,238989,472.78
8105,8105,1,51,95735,171.8
8105,8105,1,52,95736,801.58
8105,8105,1,53,191243,234.18
8105,8105,1,54,189713,1070.75
8105,8105,1,55,189831,593.44
8105,8105,1,56,95738,634.19
8105,8105,1,57,189833,919.71
8105,8105,1,58,190638,1217.55
8105,8105,1,59,189718,282.9
8105,8105,1,60,263291,283.15
8105,8105,1,61,136112,1485.83
8105,8105,1,62,95637,283.58
8105,8105,1,63,95636,753.97
8105,8105,1,64,95635,1015.26
8105,8105,1,65,136116,885.82
8105,8105,1,66,95743,404.11
8105,8105,1,67,136118,628.29
8105,8105,1,68,136119,185.54
8105,8105,1,69,136120,412.32
8105,8105,1,70,275473,412.06
8105,8105,1,71,95629,284.1
8105,8105,1,72,238731,690.98
8105,8105,1,73,95746,1603.98
8105,8105,1,74,136125,367.21
8105,8105,1,75,191354,802.52
8105,8105,1,76,95747,859.13
8105,8105,1,77,136092,297.49
8105,8105,1,78,136129,1252.52
8105,8105,1,79,136130,492.44
8105,8105,1,80,264418,446.13
8107,8107,0,1,264418,
8107,8107,0,2,95151,514.44
8107,8107,0,3,301971,392.25
8107,8107,0,4,95619,146.59
8107,8107,0,5,135318,512.01
8107,8107,0,6,96977,507.38
8107,8107,0,7,97026,1363.6
8107,8107,0,8,97025,372.6
8107,8107,0,9,96974,584.14
8107,8107,0,10,95144,551.67
8107,8107,0,11,135313,506.52
8107,8107,0,12,135312,407.55
8107,8107,0,13,96971,568.78
8107,8107,0,14,264416,709.12
8107,8107,0,15,96970,190.55
8107,8107,0,16,191097,585.14
8107,8107,0,17,191098,593.62
8107,8107,0,18,191099,407.31
8107,8107,0,19,191100,296.97
8107,8107,0,20,96966,792.23
8107,8107,0,21,191102,494.78
8107,8107,0,22,307554,238.21
8107,8107,0,23,96964,671.74
8107,8107,0,24,135302,330.53
8107,8107,0,25,135343,419.62
8107,8107,0,26,135344,495.5
8107,8107,0,27,95129,291.72
8107,8107,0,28,95128,598.88
8107,8107,0,29,191109,564.48
8107,8107,0,30,135298,1067.46
8107,8107,0,31,96957,284.36
8107,8107,0,32,135350,253.57
8107,8107,0,33,191113,456.57
8107,8107,0,34,135294,512.22
8107,8107,0,35,96954,396.06
8107,8107,0,36,96953,624.22
8107,8107,0,37,96167,656.16
8107,8107,0,38,135289,851.33
8107,8107,0,39,97001,281.63
8107,8107,0,40,135291,612.68
8107,8107,0,41,238741,591.86
8107,8107,0,42,238721,890.22
8107,8107,0,43,135480,1319.96
8107,8107,0,44,96171,3894.25
8107,8107,1,1,135562,
8107,8107,1,2,135483,3873.3
8107,8107,1,3,238920,1318.42
8107,8107,1,4,238919,890.46
8107,8107,1,5,96167,634.54
8107,8107,1,6,275483,854.43
8107,8107,1,7,97001,284.64
8107,8107,1,8,135291,612.68
8107,8107,1,9,135292,596.25
8107,8107,1,10,135353,668.85
8107,8107,1,11,135352,345.77
8107,8107,1,12,96955,533.83
8107,8107,1,13,96956,464.99
8107,8107,1,14,135349,217.26
8107,8107,1,15,96958,301.55
8107,8107,1,16,190477,1072.73
8107,8107,1,17,135346,560.94
8107,8107,1,18,96961,594.24
8107,8107,1,19,96962,310.24
8107,8107,1,20,96963,504.26
8107,8107,1,21,135461,404.29
8107,8107,1,22,135460,320.03
8107,8107,1,23,307555,684.94
8107,8107,1,24,190484,236.69
8107,8107,1,25,97016,516.84
8107,8107,1,26,190486,773.46
8107,8107,1,27,190487,296.56
8107,8107,1,28,190488,393.59
8107,8107,1,29,190489,602.23
8107,8107,1,30,135309,594
8107,8107,1,31,135310,208.02
8107,8107,1,32,135332,692.72
8107,8107,1,33,135331,546.26
8107,8107,1,34,96972,443.53
8107,8107,1,35,135329,469.17
8107,8107,1,36,97024,587.5
8107,8107,1,37,96975,585.07
8107,8107,1,38,96976,337.38
8107,8107,1,39,97027,1394.31
8107,8107,1,40,96978,494.81
8107,8107,1,41,96979,509.86
8107,8107,1,42,301970,173.21
8107,8107,1,43,95618,364.92
8107,8107,1,44,135320,517.59
8109,8109,0,1,300031,
8109,8109,0,2,96102,834.25
8109,8109,0,3,96103,398.51
8109,8109,0,4,92645,699.54
8109,8109,0,5,275475,219.9
8109,8109,0,6,96431,473.19
8109,8109,0,7,238991,375.58
8109,8109,0,8,92650,214.36
8109,8109,0,9,242597,571.46
8109,8109,0,10,311270,472.5
8109,8109,0,11,135239,380.11
8109,8109,0,12,307556,1071.34
8109,8109,0,13,263264,1180.14
8109,8109,0,14,307557,899.2
8109,8109,0,15,95067,1433.59
8109,8109,0,16,135242,1599.11
8109,8109,0,17,96117,366.37
8109,8109,0,18,96118,221.59
8109,8109,0,19,95071,317.32
8109,8109,0,20,135245,498.82
8109,8109,0,21,190416,390.37
8109,8109,0,22,95074,457.6
8109,8109,0,23,96908,2331.57
8109,8109,0,24,96124,420.75
8109,8109,0,25,190421,1040.6
8109,8109,0,26,279442,257.09
8109,8109,0,27,135250,436.1
8109,8109,0,28,95348,567.03
8109,8109,0,29,96128,258.32
8109,8109,0,30,96913,254.07
8109,8109,0,31,96130,763.63
8109,8109,0,32,96915,513.48
8109,8109,0,33,135915,1056.72
8109,8109,0,34,96133,735.24
8109,8109,0,35,95086,291.52
8109,8109,0,36,135918,542.3
8109,8109,0,37,96136,343.3
8109,8109,0,38,238928,622.29
8109,8109,0,39,96138,296.07
8109,8109,0,40,95338,459.26
8109,8109,0,41,190436,985.45
8109,8109,0,42,238729,258.72
8109,8109,0,43,96141,386.28
8109,8109,0,44,96926,849.45
8109,8109,0,45,135264,1226.96
8109,8109,0,46,96144,741.67
8109,8109,0,47,96145,412.02
8109,8109,0,48,96146,548.57
8109,8109,0,49,135209,328.45
8109,8109,0,50,135268,216.44
8109,8109,0,51,96932,537.56
8109,8109,0,52,96149,883.72
8109,8109,0,53,96150,1014.13
8109,8109,0,54,238980,357.58
8109,8109,0,55,135273,220.11
8109,8109,0,56,96936,265.77
8109,8109,0,57,96937,274.58
8109,8109,0,58,135276,489.12
8109,8109,0,59,135277,1327.74
8109,8109,0,60,135278,729.58
8109,8109,0,61,96157,1045.63
8109,8109,0,62,135280,243.81
8109,8109,0,63,238986,237.68
8109,8109,0,64,96943,819.99
8109,8109,0,65,96160,692.08
8109,8109,0,66,135284,849.76
8109,8109,0,67,307552,245.66
8109,8109,0,68,308190,1371.96
8109,8109,0,69,96162,319.09
8109,8109,0,70,135287,641.57
8109,8109,0,71,95117,545.46
8109,8109,0,72,96165,354.96
8109,8109,0,73,275483,265.28
8109,8109,0,74,96166,288.31
8109,8109,0,75,135291,612.13
8109,8109,0,76,238741,592.41
8109,8109,0,77,238721,888.83
8109,8109,0,78,135480,1321.13
8109,8109,0,79,96171,3893.7
8109,8109,1,1,135562,
8109,8109,1,2,135483,3883.71
8109,8109,1,3,238920,1318.42
8109,8109,1,4,238919,890.46
8109,8109,1,5,96167,634.27
8109,8109,1,6,97001,569.91
8109,8109,1,7,135289,282.04
8109,8109,1,8,191120,266.21
8109,8109,1,9,96949,370.93
8109,8109,1,10,96163,544.93
8109,8109,1,11,135361,605.66
8109,8109,1,12,308200,382.29
8109,8109,1,13,307553,1344.28
8109,8109,1,14,96161,2761.07
8109,8109,1,15,96944,860.74
8109,8109,1,16,96159,711.69
8109,8109,1,17,96942,794.69
8109,8109,1,18,135367,267.23
8109,8109,1,19,96941,232.16
8109,8109,1,20,96156,1039.42
8109,8109,1,21,96155,707.17
8109,8109,1,22,96154,1334.69
8109,8109,1,23,96153,488.89
8109,8109,1,24,96152,284.67
8109,8109,1,25,135374,274.94
8109,8109,1,26,96935,206.25
8109,8109,1,27,96934,368.35
8109,8109,1,28,96933,1012.34
8109,8109,1,29,96148,852.81
8109,8109,1,30,96147,552.55
8109,8109,1,31,135380,235.06
8109,8109,1,32,96930,336.42
8109,8109,1,33,135382,526.18
8109,8109,1,34,96928,430.14
8109,8109,1,35,96143,796.84
8109,8109,1,36,96142,1173.14
8109,8109,1,37,96925,845.07
8109,8109,1,38,238967,371.44
8109,8109,1,39,191150,288.69
8109,8109,1,40,96139,1001.07
8109,8109,1,41,135390,389.85
8109,8109,1,42,238935,329.21
8109,8109,1,43,135848,652
8109,8109,1,44,96919,353.7
8109,8109,1,45,96134,530.32
8109,8109,1,46,135395,272.42
8109,8109,1,47,96132,739.84
8109,8109,1,48,96131,1047.39
8109,8109,1,49,96914,509.95
8109,8109,1,50,96129,767.26
8109,8109,1,51,135400,251.99
8109,8109,1,52,135401,258.73
8109,8109,1,53,135402,556.91
8109,8109,1,54,238974,472.11
8109,8109,1,55,191165,246.16
8109,8109,1,56,96909,1029.3
8109,8109,1,57,276750,478.61
8109,8109,1,58,135407,2081.27
8109,8109,1,59,191170,451.96
8109,8109,1,60,191171,411.12
8109,8109,1,61,135410,496.23
8109,8109,1,62,263305,304.5
8109,8109,1,63,135412,203.58
8109,8109,1,64,96116,392.47
8109,8109,1,65,135414,1587.39
8109,8109,1,66,307556,940.21
8109,8109,1,67,263264,1169.23
8109,8109,1,68,307557,906.52
8109,8109,1,69,135418,1018.08
8109,8109,1,70,311271,441.67
8109,8109,1,71,92651,482.08
8109,8109,1,72,96110,549
8109,8109,1,73,238732,194.09
8109,8109,1,74,96108,400.82
8109,8109,1,75,96433,477.43
8109,8109,1,76,275474,217.77
8109,8109,1,77,135427,666.52
8109,8109,1,78,96903,430.25
8109,8109,1,79,300030,339.59
8113,8113,0,1,300031,
8113,8113,0,2,96102,857.57
8113,8113,0,3,96103,398.29
8113,8113,0,4,92645,699.76
8113,8113,0,5,275475,219.9
8113,8113,0,6,96431,473.19
8113,8113,0,7,238991,375.58
8113,8113,0,8,238927,358.66
8113,8113,0,9,136228,625.7
8113,8113,0,10,238903,535.89
8113,8113,0,11,135652,518.24
8113,8113,0,12,135653,300.18
8113,8113,0,13,97306,256.7
8113,8113,0,14,135655,507.38
8113,8113,0,15,187876,791.41
8113,8113,0,16,276755,499.61
8113,8113,0,17,136062,515.9
8113,8113,0,18,188386,269.08
8113,8113,0,19,238735,177.57
8113,8113,0,20,188388,522.28
8113,8113,0,21,136044,226.99
8113,8113,0,22,136045,246.67
8113,8113,0,23,188391,243.62
8113,8113,0,24,238891,297.16
8113,8113,0,25,238892,184.85
8113,8113,0,26,136048,332.57
8113,8113,0,27,188395,629.92
8113,8113,0,28,188333,1104.87
8113,8113,0,29,188401,777.27
8113,8113,0,30,188402,340.14
8113,8113,0,31,188403,268.95
8113,8113,0,32,188404,624.19
8113,8113,0,33,278338,1278.69
8113,8113,0,34,189641,120.79
8113,8113,0,35,305938,889.19
8113,8113,0,36,305940,230.61
8113,8113,1,1,305940,
8113,8113,1,2,305939,232.21
8113,8113,1,3,189641,887.93
8113,8113,1,4,154638,122.85
8113,8113,1,5,188328,1276.62
8113,8113,1,6,188329,614.25
8113,8113,1,7,188330,279.6
8113,8113,1,8,188331,338.59
8113,8113,1,9,264611,764.26
8113,8113,1,10,238902,1151.12
8113,8113,1,11,188338,600.58
8113,8113,1,12,188339,331.6
8113,8113,1,13,188340,184.73
8113,8113,1,14,136056,289.13
8113,8113,1,15,136057,269.86
8113,8113,1,16,136058,203.77
8113,8113,1,17,136059,272.55
8113,8113,1,18,188345,502.45
8113,8113,1,19,188346,176.55
8113,8113,1,20,136252,435.12
8113,8113,1,21,276756,306.8
8113,8113,1,22,271884,562.58
8113,8113,1,23,187877,788.41
8113,8113,1,24,263458,408.33
8113,8113,1,25,187879,346.76
8113,8113,1,26,276754,300.41
8113,8113,1,27,238914,628.56
8113,8113,1,28,136070,406.22
8113,8113,1,29,238918,656.41
8113,8113,1,30,238732,326.79
8113,8113,1,31,96108,400.82
8113,8113,1,32,96433,477.43
8113,8113,1,33,275474,218.01
8113,8113,1,34,135427,666.48
8113,8113,1,35,96903,430.19
8113,8113,1,36,300030,336.7
8115,8115,0,1,300031,
8115,8115,0,2,308098,634.8
8115,8115,0,3,135648,701.02
8115,8115,0,4,135649,1361.6
8115,8115,0,5,247210,813.96
8115,8115,0,6,306031,1117.72
8115,8115,0,7,135651,414.32
8115,8115,0,8,308100,283.37
8115,8115,0,9,135239,1094.94
8115,8115,0,10,307556,1071.34
8115,8115,0,11,263264,929.66
8115,8115,0,12,308102,679.35
8115,8115,0,13,308104,1213.29
8115,8115,0,14,276755,2351.54
8115,8115,0,15,135658,1590.88
8115,8115,0,16,299862,359.38
8115,8115,0,17,135659,786.17
8115,8115,1,1,135659,
8115,8115,1,2,299862,697.86
8115,8115,1,3,264430,443.18
8115,8115,1,4,276756,1541.61
8115,8115,1,5,308105,2425.04
8115,8115,1,6,308103,1205.81
8115,8115,1,7,263264,1482.88
8115,8115,1,8,307557,906.55
8115,8115,1,9,135418,1016.93
8115,8115,1,10,308101,1072.41
8115,8115,1,11,187881,356.15
8115,8115,1,12,306032,352.72
8115,8115,1,13,247208,1082.72
8115,8115,1,14,187883,943.64
8115,8115,1,15,187884,1358.54
8115,8115,1,16,308099,700.6
8115,8115,1,17,300030,785.48
8117,8117,0,1,300031,
8117,8117,0,2,96102,844.01
8117,8117,0,3,96103,398.33
8117,8117,0,4,92645,699.72
8117,8117,0,5,275475,219.9
8117,8117,0,6,96431,473.19
8117,8117,0,7,238991,375.58
8117,8117,0,8,92650,214.36
8117,8117,0,9,242597,571.46
8117,8117,0,10,311270,472.5
8117,8117,0,11,135239,380.11
8117,8117,0,12,307556,1071.34
8117,8117,0,13,263264,1169.23
8117,8117,0,14,96501,1252.7
8117,8117,0,15,96502,203.68
8117,8117,0,16,96503,348.65
8117,8117,0,17,305934,390.49
8117,8117,0,18,96504,249.26
8117,8117,0,19,282475,187.25
8117,8117,0,20,263347,169.46
8117,8117,0,21,305935,286.3
8117,8117,0,22,263346,363.09
8117,8117,0,23,263345,381.83
8117,8117,0,24,263344,189.94
8117,8117,0,25,307557,913.8
8117,8117,0,26,95067,995.58
8117,8117,0,27,306579,3939.15
8117,8117,0,28,306581,1182.26
8117,8117,0,29,306583,1706.5
8117,8117,0,30,306585,1458.9
8117,8117,0,31,306587,319.74
8117,8117,0,32,189451,685.3
8117,8117,0,33,189452,402.24
8117,8117,0,34,189453,2687.5
8117,8117,0,35,189454,2367.7
8117,8117,0,36,189455,481.27
8117,8117,0,37,189456,2495.44
8117,8117,0,38,297179,2984.89
8117,8117,1,1,297180,
8117,8117,1,2,189456,2980.5
8117,8117,1,3,189383,2494.59
8117,8117,1,4,189384,471.62
8117,8117,1,5,189385,2346.77
8117,8117,1,6,189386,2688.29
8117,8117,1,7,189387,404.17
8117,8117,1,8,306588,669.87
8117,8117,1,9,306586,343.11
8117,8117,1,10,306584,1479.03
8117,8117,1,11,306582,1682.41
8117,8117,1,12,306580,1227.89
8117,8117,1,13,135414,3851.47
8117,8117,1,14,307556,940.85
8117,8117,1,15,96501,923.63
8117,8117,1,16,96502,203.68
8117,8117,1,17,96503,348.65
8117,8117,1,18,305934,390.49
8117,8117,1,19,96504,249.26
8117,8117,1,20,282475,187.25
8117,8117,1,21,263347,169.46
8117,8117,1,22,305935,286.3
8117,8117,1,23,263346,363.09
8117,8117,1,24,263345,381.83
8117,8117,1,25,263344,189.94
8117,8117,1,26,263264,787.14
8117,8117,1,27,307557,906.52
8117,8117,1,28,135418,1016.93
8117,8117,1,29,311271,441.9
8117,8117,1,30,92651,482.08
8117,8117,1,31,96110,548.94
8117,8117,1,32,238732,194.3
8117,8117,1,33,96108,400.82
8117,8117,1,34,96433,477.43
8117,8117,1,35,275474,217.77
8117,8117,1,36,135427,666.52
8117,8117,1,37,96903,430.25
8117,8117,1,38,300030,337.9
8119,8119,0,1,300031,
8119,8119,0,2,96102,796.58
8119,8119,0,3,96904,394.59
8119,8119,0,4,190189,175.55
8119,8119,0,5,190190,584.97
8119,8119,0,6,190191,200.84
8119,8119,0,7,96908,2610.44
8119,8119,0,8,96124,420.75
8119,8119,0,9,190421,1040.6
8119,8119,0,10,279442,257.09
8119,8119,0,11,135250,436.1
8119,8119,0,12,95348,567.03
8119,8119,0,13,96128,258.32
8119,8119,0,14,96913,254.07
8119,8119,0,15,96130,763.63
8119,8119,0,16,96915,513.48
8119,8119,0,17,135915,1056.72
8119,8119,0,18,96133,735.24
8119,8119,0,19,95086,291.52
8119,8119,0,20,135918,542.3
8119,8119,0,21,96136,343.3
8119,8119,0,22,238928,622.29
8119,8119,0,23,96138,296.07
8119,8119,0,24,95338,459.26
8119,8119,0,25,190436,985.45
8119,8119,0,26,238729,258.72
8119,8119,0,27,96141,386.28
8119,8119,0,28,96926,849.45
8119,8119,0,29,135264,1226.96
8119,8119,0,30,96144,741.67
8119,8119,0,31,96145,412.02
8119,8119,0,32,96146,548.57
8119,8119,0,33,135209,328.45
8119,8119,0,34,135268,216.44
8119,8119,0,35,96932,537.56
8119,8119,0,36,96149,883.72
8119,8119,0,37,96150,1014.13
8119,8119,0,38,238980,357.58
8119,8119,0,39,135273,220.11
8119,8119,0,40,96936,265.77
8119,8119,0,41,96937,274.58
8119,8119,0,42,135276,489.12
8119,8119,0,43,135277,1327.74
8119,8119,0,44,135278,730.48
8119,8119,0,45,96157,1045.33
8119,8119,0,46,135280,243.81
8119,8119,0,47,238986,237.68
8119,8119,0,48,96943,821.28
8119,8119,0,49,96160,693.05
8119,8119,0,50,135284,848.46
8119,8119,0,51,307552,245.62
8119,8119,0,52,308190,1371.96
8119,8119,0,53,96162,319.09
8119,8119,0,54,135287,641.57
8119,8119,0,55,95117,545.46
8119,8119,0,56,96165,354.96
8119,8119,0,57,275483,265.22
8119,8119,0,58,96166,288.43
8119,8119,0,59,135291,612.13
8119,8119,0,60,135292,596.38
8119,8119,0,61,135353,668.85
8119,8119,0,62,135352,345.77
8119,8119,0,63,96955,533.84
8119,8119,0,64,96956,465.09
8119,8119,0,65,135349,217.36
8119,8119,0,66,96958,301.46
8119,8119,0,67,190477,1073.21
8119,8119,0,68,135346,562.05
8119,8119,0,69,96961,594.15
8119,8119,0,70,96962,310.64
8119,8119,0,71,96963,503.93
8119,8119,0,72,135461,404.48
8119,8119,0,73,135460,320.04
8119,8119,0,74,307554,684.66
8119,8119,0,75,190484,236.97
8119,8119,0,76,97016,516.84
8119,8119,0,77,190486,773.46
8119,8119,0,78,190487,296.56
8119,8119,0,79,190488,394.56
8119,8119,0,80,190489,600.5
8119,8119,0,81,135309,595.62
8119,8119,0,82,135310,208.92
8119,8119,0,83,135332,691.76
8119,8119,0,84,135331,546.6
8119,8119,0,85,96972,443.53
8119,8119,0,86,135329,469.17
8119,8119,0,87,97024,587.5
8119,8119,0,88,96975,585.07
8119,8119,0,89,96976,337.38
8119,8119,0,90,97027,1394.31
8119,8119,0,91,96978,494.65
8119,8119,0,92,96979,463.98
8119,8119,0,93,301970,173.21
8119,8119,0,94,95618,365.24
8119,8119,0,95,135320,517.22
8119,8119,0,96,95621,437.48
8119,8119,0,97,95622,523.55
8119,8119,0,98,95748,1196.59
8119,8119,0,99,136093,305.97
8119,8119,0,100,190508,856.15
8119,8119,0,101,135431,811.73
8119,8119,0,102,136096,359.13
8119,8119,0,103,238993,1621.97
8119,8119,0,104,136098,709.17
8119,8119,0,105,95630,266.89
8119,8119,0,106,95745,346.28
8119,8119,0,107,135432,464.17
8119,8119,0,108,95744,203.8
8119,8119,0,109,136103,631.18
8119,8119,0,110,95742,369.77
8119,8119,0,111,136105,908.67
8119,8119,0,112,136106,1013.66
8119,8119,0,113,136107,746.12
8119,8119,0,114,95638,281.96
8119,8119,0,115,95741,1500.76
8119,8119,0,116,135433,291.15
8119,8119,0,117,95740,274.3
8119,8119,0,118,95739,1173.91
8119,8119,0,119,190092,984.38
8119,8119,0,120,190869,588.79
8119,8119,0,121,190870,617.61
8119,8119,0,122,191376,1019.79
8119,8119,0,123,190096,241.31
8119,8119,0,124,190097,829.03
8119,8119,0,125,238981,184.2
8119,8119,0,126,95649,467.72
8119,8119,0,127,190535,991.88
8119,8119,0,128,190101,954.81
8119,8119,0,129,190537,656.54
8119,8119,0,130,190103,287.19
8119,8119,0,131,190539,435.89
8119,8119,0,132,190540,585.09
8119,8119,0,133,190541,786.95
8119,8119,0,134,190542,340.62
8119,8119,0,135,190108,991.93
8119,8119,0,136,95731,481.64
8119,8119,0,137,190110,969.99
8119,8119,0,138,309378,174.29
8119,8119,0,139,95657,184.56
8119,8119,0,140,190547,137.35
8119,8119,0,141,191394,481.71
8119,8119,0,142,190549,429.95
8119,8119,0,143,190550,290.04
8119,8119,0,144,191397,336.84
8119,8119,0,145,190117,576.19
8119,8119,0,146,191399,411.97
8119,8119,0,147,190554,358.62
8119,8119,0,148,191401,467.98
8119,8119,0,149,191402,1208.07
8119,8119,0,150,190122,260.48
8119,8119,0,151,190123,415.16
8119,8119,0,152,238987,782.68
8119,8119,0,153,190125,861.21
8119,8119,0,154,190561,411.81
8119,8119,0,155,191408,188.02
8119,8119,0,156,238988,1208.14
8119,8119,0,157,190129,200.39
8119,8119,0,158,190130,388.7
8119,8119,0,159,190131,285.08
8119,8119,0,160,190132,506.69
8119,8119,0,161,190133,724.03
8119,8119,0,162,190134,422.51
8119,8119,0,163,238994,208.67
8119,8119,0,164,190136,182.09
8119,8119,0,165,190135,329.23
8119,8119,0,166,238950,1292.01
8119,8119,0,167,190139,348.32
8119,8119,0,168,190140,1162.18
8119,8119,0,169,190141,253.88
8119,8119,0,170,190577,1483.31
8119,8119,0,171,190143,189.54
8119,8119,0,172,190579,331.84
8119,8119,0,173,190580,309.7
8119,8119,0,174,189661,654.86
8119,8119,0,175,190147,600.86
8119,8119,0,176,190148,599.86
8119,8119,0,177,190358,1025.21
8119,8119,0,178,283118,1958.9
8119,8119,0,179,190151,295.25
8119,8119,0,180,190361,504.76
8119,8119,0,181,283119,3054.89
8119,8119,0,182,190154,5166.04
8119,8119,0,183,190364,4398.16
8119,8119,0,184,190365,343.65
8119,8119,0,185,190157,1259.36
8119,8119,0,186,190367,3034.46
8119,8119,0,187,190368,1979.8
8119,8119,0,188,190369,4024.28
8119,8119,0,189,190370,1439.86
8119,8119,0,190,190371,1448.54
8119,8119,0,191,190163,4012.57
8119,8119,0,192,190373,2833.41
8119,8119,0,193,190165,2855.53
8119,8119,0,194,190166,2985.42
8119,8119,0,195,190376,529.25
8119,8119,0,196,190168,5906.12
8119,8119,0,197,238882,3119.26
8119,8119,0,198,190379,1324.76
8119,8119,0,199,190380,681.44
8119,8119,0,200,190172,2831.91
8119,8119,0,201,190173,1053.79
8119,8119,0,202,190174,2436.93
8119,8119,0,203,190175,2919.81
8119,8119,0,204,190385,1537.91
8119,8119,0,205,281483,352.3
8119,8119,0,206,190178,1173.61
8119,8119,0,207,190179,589.99
8119,8119,0,208,276692,445.99
8119,8119,0,209,190180,793.64
8119,8119,0,210,276043,451.17
8119,8119,0,211,190183,443.01
8119,8119,0,212,307560,2400.35
8119,8119,1,1,307559,
8119,8119,1,2,189949,2418.2
8119,8119,1,3,276045,445.84
8119,8119,1,4,189743,453.42
8119,8119,1,5,189744,788.33
8119,8119,1,6,189745,448.11
8119,8119,1,7,189746,591.33
8119,8119,1,8,276076,1170.17
8119,8119,1,9,189748,363.76
8119,8119,1,10,189749,1513.3
8119,8119,1,11,189958,2947.89
8119,8119,1,12,189751,2374.49
8119,8119,1,13,189752,1090.31
8119,8119,1,14,189753,2868.23
8119,8119,1,15,189754,661.5
8119,8119,1,16,238901,1310.01
8119,8119,1,17,189964,3118.54
8119,8119,1,18,189757,5907.94
8119,8119,1,19,189966,505.41
8119,8119,1,20,189759,2962.99
8119,8119,1,21,189760,2852.56
8119,8119,1,22,189761,2812.86
8119,8119,1,23,189762,4083.2
8119,8119,1,24,189763,1444.81
8119,8119,1,25,189764,1444.22
8119,8119,1,26,189765,4059.72
8119,8119,1,27,189766,1930.54
8119,8119,1,28,189767,3053.01
8119,8119,1,29,189768,1267.83
8119,8119,1,30,189769,359.44
8119,8119,1,31,189770,4350.37
8119,8119,1,32,283116,5220.28
8119,8119,1,33,189772,3015.33
8119,8119,1,34,189773,518.61
8119,8119,1,35,283117,289.16
8119,8119,1,36,189775,1978.61
8119,8119,1,37,189984,1004.95
8119,8119,1,38,189985,581.96
8119,8119,1,39,190146,602.82
8119,8119,1,40,191006,673.66
8119,8119,1,41,191007,264.25
8119,8119,1,42,189664,369.31
8119,8119,1,43,191009,192.82
8119,8119,1,44,189666,1464.11
8119,8119,1,45,276519,288.93
8119,8119,1,46,189668,1140.65
8119,8119,1,47,238730,363.99
8119,8119,1,48,191016,1210.75
8119,8119,1,49,189671,398.39
8119,8119,1,50,238739,206.85
8119,8119,1,51,189673,176.64
8119,8119,1,52,189674,445.94
8119,8119,1,53,189675,700.37
8119,8119,1,54,189676,516.74
8119,8119,1,55,189677,285.41
8119,8119,1,56,189795,390.04
8119,8119,1,57,238982,194.34
8119,8119,1,58,189680,1212.38
8119,8119,1,59,190602,237.09
8119,8119,1,60,189682,373.63
8119,8119,1,61,238983,851.14
8119,8119,1,62,189801,783.38
8119,8119,1,63,189685,420.72
8119,8119,1,64,189686,253.3
8119,8119,1,65,189687,1250.38
8119,8119,1,66,190609,412.94
8119,8119,1,67,238985,395.07
8119,8119,1,68,189807,388.62
8119,8119,1,69,189808,608
8119,8119,1,70,189692,323.72
8119,8119,1,71,190614,270.72
8119,8119,1,72,189694,483.53
8119,8119,1,73,135436,421.21
8119,8119,1,74,189813,152.78
8119,8119,1,75,309379,187.66
8119,8119,1,76,189697,156.45
8119,8119,1,77,189815,970.17
8119,8119,1,78,95655,507.53
8119,8119,1,79,189700,974.28
8119,8119,1,80,189818,295.44
8119,8119,1,81,190623,802.07
8119,8119,1,82,189703,599.12
8119,8119,1,83,189821,441.17
8119,8119,1,84,135435,289.86
8119,8119,1,85,190627,636.69
8119,8119,1,86,189824,976.68
8119,8119,1,87,189708,984.59
8119,8119,1,88,238989,472.6
8119,8119,1,89,95735,171.46
8119,8119,1,90,95736,800.79
8119,8119,1,91,191243,234.93
8119,8119,1,92,189713,1069.54
8119,8119,1,93,189831,595.73
8119,8119,1,94,95738,635.69
8119,8119,1,95,189833,917.94
8119,8119,1,96,190638,1221.18
8119,8119,1,97,189718,280.83
8119,8119,1,98,263291,283.15
8119,8119,1,99,136112,1485.7
8119,8119,1,100,95637,283.87
8119,8119,1,101,95636,754.19
8119,8119,1,102,95635,1015.84
8119,8119,1,103,136116,886.47
8119,8119,1,104,95743,404.11
8119,8119,1,105,136118,628.29
8119,8119,1,106,136119,185.54
8119,8119,1,107,136120,412.32
8119,8119,1,108,275473,412.06
8119,8119,1,109,95629,284.31
8119,8119,1,110,238731,691.12
8119,8119,1,111,95746,1606.11
8119,8119,1,112,136125,367.21
8119,8119,1,113,191354,803.39
8119,8119,1,114,95747,859.58
8119,8119,1,115,136092,378.18
8119,8119,1,116,136129,1252.52
8119,8119,1,117,136130,492.78
8119,8119,1,118,264418,445.97
8119,8119,1,119,95151,514.57
8119,8119,1,120,301971,392.25
8119,8119,1,121,95619,146.59
8119,8119,1,122,135318,466.16
8119,8119,1,123,96977,508.14
8119,8119,1,124,97026,1366.06
8119,8119,1,125,97025,371.3
8119,8119,1,126,96974,585.77
8119,8119,1,127,95144,551.34
8119,8119,1,128,135313,506.32
8119,8119,1,129,135312,407.57
8119,8119,1,130,96971,570.17
8119,8119,1,131,264416,708.11
8119,8119,1,132,96970,190.12
8119,8119,1,133,191097,585.81
8119,8119,1,134,191098,593.8
8119,8119,1,135,191099,407.45
8119,8119,1,136,191100,296.89
8119,8119,1,137,96966,792.6
8119,8119,1,138,191102,495.12
8119,8119,1,139,307555,237.82
8119,8119,1,140,96964,672.01
8119,8119,1,141,135302,330.53
8119,8119,1,142,135343,419.62
8119,8119,1,143,135344,495.5
8119,8119,1,144,95129,291.72
8119,8119,1,145,95128,600.45
8119,8119,1,146,191109,563.05
8119,8119,1,147,135298,1068.75
8119,8119,1,148,96957,284.06
8119,8119,1,149,135350,253.57
8119,8119,1,150,191113,455.84
8119,8119,1,151,135294,513.28
8119,8119,1,152,96954,396.18
8119,8119,1,153,96953,623.98
8119,8119,1,154,96167,656.81
8119,8119,1,155,97001,569.91
8119,8119,1,156,135289,282.1
8119,8119,1,157,191120,266.21
8119,8119,1,158,96949,370.86
8119,8119,1,159,96163,545.1
8119,8119,1,160,135361,606.03
8119,8119,1,161,308200,382.29
8119,8119,1,162,307553,1344.28
8119,8119,1,163,96161,2761.92
8119,8119,1,164,96944,860.31
8119,8119,1,165,96159,712.06
8119,8119,1,166,96942,794.69
8119,8119,1,167,135367,267.25
8119,8119,1,168,96941,233.19
8119,8119,1,169,96156,1040.06
8119,8119,1,170,96155,706.17
8119,8119,1,171,96154,1334.69
8119,8119,1,172,96153,488.89
8119,8119,1,173,96152,284.67
8119,8119,1,174,135374,274.94
8119,8119,1,175,96935,206.25
8119,8119,1,176,96934,368.43
8119,8119,1,177,96933,1012.79
8119,8119,1,178,96148,852.85
8119,8119,1,179,96147,553.09
8119,8119,1,180,135380,235.06
8119,8119,1,181,96930,336.02
8119,8119,1,182,135382,526.96
8119,8119,1,183,96928,430.11
8119,8119,1,184,96143,799.56
8119,8119,1,185,96142,1171.54
8119,8119,1,186,96925,845.56
8119,8119,1,187,238967,371.44
8119,8119,1,188,191150,288.69
8119,8119,1,189,96139,1001.07
8119,8119,1,190,135390,389.85
8119,8119,1,191,238935,329.21
8119,8119,1,192,135848,652
8119,8119,1,193,96919,353.7
8119,8119,1,194,96134,530.96
8119,8119,1,195,135395,271.77
8119,8119,1,196,96132,741.02
8119,8119,1,197,96131,1047.02
8119,8119,1,198,96914,510.35
8119,8119,1,199,96129,769.08
8119,8119,1,200,135400,250.16
8119,8119,1,201,135401,258.64
8119,8119,1,202,135402,557.35
8119,8119,1,203,238974,472.11
8119,8119,1,204,191165,246.16
8119,8119,1,205,96909,1029.3
8119,8119,1,206,276750,478.61
8119,8119,1,207,96907,2566.52
8119,8119,1,208,96906,191.7
8119,8119,1,209,96905,575.51
8119,8119,1,210,189945,168.27
8119,8119,1,211,96903,396.79
8119,8119,1,212,300030,339.59
8120,8120,0,1,300031,
8120,8120,0,2,96102,796.58
8120,8120,0,3,96904,394.59
8120,8120,0,4,190189,175.62
8120,8120,0,5,190190,570.62
8120,8120,0,6,190191,200.18
8120,8120,0,7,96908,2615.06
8120,8120,0,8,96124,420.75
8120,8120,0,9,190421,1040.6
8120,8120,0,10,279442,257.09
8120,8120,0,11,135250,436.1
8120,8120,0,12,95348,567.03
8120,8120,0,13,96128,258.32
8120,8120,0,14,96913,254.07
8120,8120,0,15,96130,763.63
8120,8120,0,16,96915,513.48
8120,8120,0,17,135915,1056.72
8120,8120,0,18,96133,735.24
8120,8120,0,19,95086,291.52
8120,8120,0,20,135918,542.3
8120,8120,0,21,96136,343.3
8120,8120,0,22,238928,622.29
8120,8120,0,23,96138,296.07
8120,8120,0,24,95338,459.26
8120,8120,0,25,190436,985.45
8120,8120,0,26,238729,258.72
8120,8120,0,27,96141,386.28
8120,8120,0,28,96926,849.45
8120,8120,0,29,135264,1226.96
8120,8120,0,30,96144,741.67
8120,8120,0,31,96145,412.02
8120,8120,0,32,96146,548.57
8120,8120,0,33,135209,328.45
8120,8120,0,34,135268,216.44
8120,8120,0,35,96932,537.56
8120,8120,0,36,96149,883.72
8120,8120,0,37,96150,1014.13
8120,8120,0,38,238980,357.58
8120,8120,0,39,135273,220.11
8120,8120,0,40,96936,265.77
8120,8120,0,41,96937,274.58
8120,8120,0,42,135276,489.12
8120,8120,0,43,135277,1327.74
8120,8120,0,44,135278,730.05
8120,8120,0,45,96157,1045.72
8120,8120,0,46,135280,243.81
8120,8120,0,47,238986,237.68
8120,8120,0,48,96943,821.28
8120,8120,0,49,96160,693.05
8120,8120,0,50,135284,848.46
8120,8120,0,51,307552,245.62
8120,8120,0,52,308190,1371.96
8120,8120,0,53,96162,319.09
8120,8120,0,54,135287,641.57
8120,8120,0,55,95117,545.46
8120,8120,0,56,96165,354.96
8120,8120,0,57,275483,265.22
8120,8120,0,58,96166,288.43
8120,8120,0,59,135291,612.13
8120,8120,0,60,135292,596.38
8120,8120,0,61,135353,668.85
8120,8120,0,62,135352,345.77
8120,8120,0,63,96955,533.84
8120,8120,0,64,96956,465.18
8120,8120,0,65,135349,217.27
8120,8120,0,66,96958,301.46
8120,8120,0,67,190477,1073.21
8120,8120,0,68,135346,562.05
8120,8120,0,69,96961,594.15
8120,8120,0,70,96962,310.64
8120,8120,0,71,96963,503.93
8120,8120,0,72,135461,404.48
8120,8120,0,73,135460,320.04
8120,8120,0,74,307554,684.66
8120,8120,0,75,190484,236.97
8120,8120,0,76,97016,516.84
8120,8120,0,77,190486,773.46
8120,8120,0,78,190487,296.56
8120,8120,0,79,190488,393.58
8120,8120,0,80,190489,601.61
8120,8120,0,81,135309,595.64
8120,8120,0,82,135310,209.74
8120,8120,0,83,135332,690.99
8120,8120,0,84,135331,546.6
8120,8120,0,85,96972,443.53
8120,8120,0,86,135329,469.17
8120,8120,0,87,97024,587.5
8120,8120,0,88,96975,585.07
8120,8120,0,89,96976,337.38
8120,8120,0,90,97027,1394.31
8120,8120,0,91,96978,494.65
8120,8120,0,92,96979,463.98
8120,8120,0,93,301970,173.21
8120,8120,0,94,95618,365.24
8120,8120,0,95,135320,516.87
8120,8120,1,1,264418,
8120,8120,1,2,95151,514.23
8120,8120,1,3,301971,392.25
8120,8120,1,4,95619,146.59
8120,8120,1,5,135318,466.16
8120,8120,1,6,96977,508.14
8120,8120,1,7,97026,1366.06
8120,8120,1,8,97025,371.3
8120,8120,1,9,96974,585.77
8120,8120,1,10,95144,551.34
8120,8120,1,11,135313,506.28
8120,8120,1,12,135312,407.59
8120,8120,1,13,96971,570.17
8120,8120,1,14,264416,708.1
8120,8120,1,15,96970,190.29
8120,8120,1,16,191097,585.64
8120,8120,1,17,191098,593.8
8120,8120,1,18,191099,407.48
8120,8120,1,19,191100,296.94
8120,8120,1,20,96966,792.6
8120,8120,1,21,191102,495.12
8120,8120,1,22,307555,237.82
8120,8120,1,23,96964,672.01
8120,8120,1,24,135302,330.53
8120,8120,1,25,135343,419.62
8120,8120,1,26,135344,495.5
8120,8120,1,27,95129,291.72
8120,8120,1,28,95128,600.45
8120,8120,1,29,191109,563.05
8120,8120,1,30,135298,1068.75
8120,8120,1,31,96957,284.06
8120,8120,1,32,135350,253.57
8120,8120,1,33,191113,455.84
8120,8120,1,34,135294,513.28
8120,8120,1,35,96954,396.18
8120,8120,1,36,96953,623.98
8120,8120,1,37,96167,656.83
8120,8120,1,38,97001,569.91
8120,8120,1,39,135289,282.1
8120,8120,1,40,191120,266.21
8120,8120,1,41,96949,370.86
8120,8120,1,42,96163,545.13
8120,8120,1,43,135361,606.01
8120,8120,1,44,308200,382.25
8120,8120,1,45,307553,1344.32
8120,8120,1,46,96161,220.46
8120,8120,1,47,96944,860.31
8120,8120,1,48,96159,712.06
8120,8120,1,49,96942,794.69
8120,8120,1,50,135367,267.25
8120,8120,1,51,96941,232.21
8120,8120,1,52,96156,1039.7
8120,8120,1,53,96155,707.4
8120,8120,1,54,96154,1334.69
8120,8120,1,55,96153,488.89
8120,8120,1,56,96152,284.67
8120,8120,1,57,135374,274.94
8120,8120,1,58,96935,206.25
8120,8120,1,59,96934,368.43
8120,8120,1,60,96933,1012.79
8120,8120,1,61,96148,853.78
8120,8120,1,62,96147,552.17
8120,8120,1,63,135380,235.06
8120,8120,1,64,96930,336.32
8120,8120,1,65,135382,526.61
8120,8120,1,66,96928,430.11
8120,8120,1,67,96143,799.56
8120,8120,1,68,96142,1171.54
8120,8120,1,69,96925,845.56
8120,8120,1,70,238967,371.44
8120,8120,1,71,191150,288.69
8120,8120,1,72,96139,1001.07
8120,8120,1,73,135390,389.85
8120,8120,1,74,238935,329.21
8120,8120,1,75,135848,652
8120,8120,1,76,96919,353.7
8120,8120,1,77,96134,530.96
8120,8120,1,78,135395,271.77
8120,8120,1,79,96132,741.02
8120,8120,1,80,96131,1047.09
8120,8120,1,81,96914,509.97
8120,8120,1,82,96129,769.17
8120,8120,1,83,135400,250.16
8120,8120,1,84,135401,258.64
8120,8120,1,85,135402,557.35
8120,8120,1,86,238974,472.11
8120,8120,1,87,191165,246.16
8120,8120,1,88,96909,1029.3
8120,8120,1,89,276750,478.61
8120,8120,1,90,96907,2566.52
8120,8120,1,91,96906,191.73
8120,8120,1,92,96905,575.47
8120,8120,1,93,189945,168.27
8120,8120,1,94,96903,396.79
8120,8120,1,95,300030,339.59
8122,8122,0,1,294106,
8122,8122,0,2,135239,2784.66
8122,8122,0,3,95067,1326.53
8122,8122,0,4,135242,1599.92
8122,8122,0,5,96117,366.4
8122,8122,0,6,96118,221.57
8122,8122,0,7,95071,317.36
8122,8122,0,8,135245,498.77
8122,8122,0,9,190416,390.38
8122,8122,0,10,95074,457.6
8122,8122,0,11,96908,2331.57
8122,8122,0,12,96124,420.75
8122,8122,0,13,190421,1040.6
8122,8122,0,14,279442,257.09
8122,8122,0,15,135250,436.1
8122,8122,0,16,95348,567.03
8122,8122,0,17,96128,258.32
8122,8122,0,18,96913,254.07
8122,8122,0,19,96130,763.63
8122,8122,0,20,96915,513.48
8122,8122,0,21,135915,1056.72
8122,8122,0,22,96133,735.24
8122,8122,0,23,95086,291.52
8122,8122,0,24,135918,542.3
8122,8122,0,25,96136,343.3
8122,8122,0,26,238928,622.29
8122,8122,0,27,96138,296.07
8122,8122,0,28,95338,459.26
8122,8122,0,29,190436,985.45
8122,8122,0,30,238729,258.72
8122,8122,0,31,96141,386.28
8122,8122,0,32,96926,849.45
8122,8122,0,33,135264,1226.96
8122,8122,0,34,96144,741.67
8122,8122,0,35,96145,412.02
8122,8122,0,36,96146,548.57
8122,8122,0,37,135209,328.45
8122,8122,0,38,135268,216.44
8122,8122,0,39,96932,537.56
8122,8122,0,40,96149,883.72
8122,8122,0,41,96150,1014.13
8122,8122,0,42,238980,357.58
8122,8122,0,43,135273,220.11
8122,8122,0,44,96936,265.77
8122,8122,0,45,96937,274.58
8122,8122,0,46,135276,489.12
8122,8122,0,47,135277,1327.74
8122,8122,0,48,135278,729.65
8122,8122,0,49,96157,1045.54
8122,8122,0,50,135280,243.81
8122,8122,1,1,135367,
8122,8122,1,2,96941,232.16
8122,8122,1,3,96156,1039.47
8122,8122,1,4,96155,707.1
8122,8122,1,5,96154,1334.69
8122,8122,1,6,96153,488.89
8122,8122,1,7,96152,284.67
8122,8122,1,8,135374,274.94
8122,8122,1,9,96935,206.25
8122,8122,1,10,96934,368.35
8122,8122,1,11,96933,1012.36
8122,8122,1,12,96148,852.75
8122,8122,1,13,96147,552.61
8122,8122,1,14,135380,235.06
8122,8122,1,15,96930,336.43
8122,8122,1,16,135382,526.17
8122,8122,1,17,96928,429.6
8122,8122,1,18,96143,797.13
8122,8122,1,19,96142,1171.93
8122,8122,1,20,96925,845.06
8122,8122,1,21,238967,371.44
8122,8122,1,22,191150,288.69
8122,8122,1,23,96139,1001.07
8122,8122,1,24,135390,389.85
8122,8122,1,25,238935,329.21
8122,8122,1,26,135848,652
8122,8122,1,27,96919,353.7
8122,8122,1,28,96134,530.23
8122,8122,1,29,135395,272.51
8122,8122,1,30,96132,739.38
8122,8122,1,31,96131,1047.85
8122,8122,1,32,96914,509.97
8122,8122,1,33,96129,769.11
8122,8122,1,34,135400,250.26
8122,8122,1,35,135401,258.41
8122,8122,1,36,135402,557.27
8122,8122,1,37,238974,472.11
8122,8122,1,38,191165,246.16
8122,8122,1,39,96909,1029.3
8122,8122,1,40,276750,478.61
8122,8122,1,41,135407,2081.27
8122,8122,1,42,191170,451.96
8122,8122,1,43,191171,411.12
8122,8122,1,44,135410,496.23
8122,8122,1,45,263305,304.5
8122,8122,1,46,135412,203.63
8122,8122,1,47,96116,392.47
8122,8122,1,48,135414,1587.39
8122,8122,1,49,135418,1289.06
8122,8122,1,50,311271,441.9
8122,8122,1,51,92651,482.08
8122,8122,1,52,96110,549
8122,8122,1,53,238732,194.09
8122,8122,1,54,96108,400.82
8122,8122,1,55,96433,477.43
8122,8122,1,56,275474,217.77
8122,8122,1,57,135427,666.52
8122,8122,1,58,96903,430.2
8122,8122,1,59,190394,328.07
8125,8125,0,1,264418,
8125,8125,0,2,135318,1335.95
8125,8125,0,3,96977,507.2
8125,8125,0,4,97026,1363.36
8125,8125,0,5,97025,372.66
8125,8125,0,6,96974,584.14
8125,8125,0,7,95144,551.34
8125,8125,0,8,135313,505.62
8125,8125,0,9,135312,407.62
8125,8125,0,10,96971,568.84
8125,8125,0,11,264416,709.11
8125,8125,0,12,96970,190.52
8125,8125,0,13,191097,585.16
8125,8125,0,14,191098,593.63
8125,8125,0,15,191099,407.29
8125,8125,0,16,191100,296.95
8125,8125,0,17,96966,792.29
8125,8125,0,18,191102,494.73
8125,8125,0,19,307554,238.21
8125,8125,0,20,96964,671.74
8125,8125,0,21,135302,330.53
8125,8125,0,22,135343,419.62
8125,8125,0,23,135344,495.5
8125,8125,0,24,95129,291.72
8125,8125,0,25,95128,598.88
8125,8125,0,26,191109,564.46
8125,8125,0,27,135298,1067.49
8125,8125,0,28,96957,284.36
8125,8125,0,29,135350,253.57
8125,8125,0,30,191113,456.57
8125,8125,0,31,135294,512.21
8125,8125,0,32,96954,396.12
8125,8125,0,33,96953,624.22
8125,8125,0,34,96167,656.19
8125,8125,0,35,135289,851.29
8125,8125,1,1,275483,
8125,8125,1,2,96166,285.61
8125,8125,1,3,135291,611.78
8125,8125,1,4,135292,596.38
8125,8125,1,5,135353,668.85
8125,8125,1,6,135352,345.77
8125,8125,1,7,96955,533.83
8125,8125,1,8,96956,464.99
8125,8125,1,9,135349,217.26
8125,8125,1,10,96958,301.55
8125,8125,1,11,190477,1072.64
8125,8125,1,12,135346,560.97
8125,8125,1,13,96961,594.24
8125,8125,1,14,96962,310.24
8125,8125,1,15,96963,504.36
8125,8125,1,16,135461,404.24
8125,8125,1,17,135460,320.03
8125,8125,1,18,307555,684.94
8125,8125,1,19,190484,236.69
8125,8125,1,20,97016,516.84
8125,8125,1,21,190486,773.46
8125,8125,1,22,190487,296.56
8125,8125,1,23,190488,393.58
8125,8125,1,24,190489,602.24
8125,8125,1,25,135309,593.97
8125,8125,1,26,135310,208.91
8125,8125,1,27,135332,691.96
8125,8125,1,28,135331,546.21
8125,8125,1,29,96972,443.53
8125,8125,1,30,135329,469.17
8125,8125,1,31,97024,587.5
8125,8125,1,32,96975,585.07
8125,8125,1,33,96976,337.38
8125,8125,1,34,97027,1394.31
8125,8125,1,35,96978,494.81
8125,8125,1,36,135320,1339.17
8128,8128,0,1,300031,
8128,8128,0,2,96102,850.04
8128,8128,0,3,96103,398.11
8128,8128,0,4,92645,699.95
8128,8128,0,5,275475,219.9
8128,8128,0,6,96431,473.19
8128,8128,0,7,238991,375.58
8128,8128,0,8,238927,358.66
8128,8128,0,9,136228,625.7
8128,8128,0,10,238903,535.89
8128,8128,0,11,187881,427.45
8128,8128,0,12,306032,352.72
8128,8128,0,13,305936,1176.32
8128,8128,0,14,305941,390.79
8128,8128,0,15,306033,765.31
8128,8128,0,16,136231,794.38
8128,8128,1,1,136231,
8128,8128,1,2,306034,667.2
8128,8128,1,3,305942,712.46
8128,8128,1,4,305937,413.16
8128,8128,1,5,306031,1101.74
8128,8128,1,6,135651,414.26
8128,8128,1,7,238914,517.07
8128,8128,1,8,136070,406.22
8128,8128,1,9,238918,656.41
8128,8128,1,10,238732,326.79
8128,8128,1,11,96108,400.82
8128,8128,1,12,96433,477.43
8128,8128,1,13,275474,217.77
8128,8128,1,14,135427,666.52
8128,8128,1,15,96903,430.25
8128,8128,1,16,300030,310.71
8129,8129,0,1,297077,
8129,8129,0,2,97086,811.22
8129,8129,0,3,97085,337.8
8129,8129,0,4,97084,590.82
8129,8129,0,5,97083,348.32
8129,8129,0,6,97082,308.18
8129,8129,0,7,97081,676.87
8129,8129,0,8,97080,484.06
8129,8129,0,9,97079,369.52
8129,8129,0,10,97078,407.87
8129,8129,0,11,97077,808.32
8129,8129,0,12,136247,615.07
8129,8129,0,13,296317,2127.8
8129,8129,0,14,296318,2406.65
8129,8129,0,15,97043,2505.49
8129,8129,0,16,97076,230.4
8129,8129,0,17,99549,865.92
8129,8129,0,18,154723,364.32
8129,8129,0,19,99547,841.02
8129,8129,0,20,311556,2205.37
8129,8129,0,21,97072,1285.72
8129,8129,0,22,97071,208.26
8129,8129,0,23,97051,223.53
8129,8129,0,24,97070,320.15
8129,8129,0,25,99543,458.38
8129,8129,0,26,97087,361.8
8129,8129,0,27,293536,1190.12
8129,8129,0,28,97185,886.43
8129,8129,0,29,247217,192.65
8129,8129,0,30,97184,1336.39
8129,8129,0,31,247197,361.93
8129,8129,0,32,136250,1418.82
8129,8129,0,33,97064,655.83
8129,8129,0,34,97063,367.54
8129,8129,0,35,97062,348.46
8129,8129,1,1,97062,
8129,8129,1,2,259438,338.51
8129,8129,1,3,259434,412.64
8129,8129,1,4,259432,631.57
8129,8129,1,5,97065,1395.41
8129,8129,1,6,247198,365.91
8129,8129,1,7,97066,1410.74
8129,8129,1,8,259428,209.75
8129,8129,1,9,259426,886.16
8129,8129,1,10,247209,1237.27
8129,8129,1,11,259421,319.7
8129,8129,1,12,259420,479.35
8129,8129,1,13,259410,320.32
8129,8129,1,14,259408,228.98
8129,8129,1,15,251537,203.3
8129,8129,1,16,311556,1318.92
8129,8129,1,17,97074,2086.01
8129,8129,1,18,97075,1003.39
8129,8129,1,19,251532,423.29
8129,8129,1,20,251530,761.45
8129,8129,1,21,296317,351.52
8129,8129,1,22,296318,2406.38
8129,8129,1,23,251529,2517.78
8129,8129,1,24,247201,2023.8
8129,8129,1,25,251525,643.45
8129,8129,1,26,251521,783.57
8129,8129,1,27,251520,424.95
8129,8129,1,28,247200,368.98
8129,8129,1,29,251513,498.24
8129,8129,1,30,251512,666.45
8129,8129,1,31,251511,302.14
8129,8129,1,32,251460,358.74
8129,8129,1,33,251458,587.06
8129,8129,1,34,251456,360.52
8129,8129,1,35,190394,838.44
8129,8129A,0,1,297077,
8129,8129A,0,2,97086,809.57
8129,8129A,0,3,97085,337.93
8129,8129A,0,4,97084,590.82
8129,8129A,0,5,97083,348.32
8129,8129A,0,6,97082,308.18
8129,8129A,0,7,97081,676.87
8129,8129A,0,8,97080,484.06
8129,8129A,0,9,97079,370
8129,8129A,0,10,97078,407.21
8129,8129A,0,11,97077,808.22
8129,8129A,0,12,136247,620.21
8129,8129A,0,13,296317,2126.87
8129,8129A,0,14,296318,2406.35
8129,8129A,0,15,97043,2503.96
8129,8129A,0,16,97076,231.85
8129,8129A,0,17,99549,865.88
8129,8129A,0,18,154723,363.75
8129,8129A,0,19,99547,840.72
8129,8129A,0,20,311556,2204.1
8129,8129A,1,1,311556,
8129,8129A,1,2,97074,2086.01
8129,8129A,1,3,97075,1003.39
8129,8129A,1,4,251532,423.29
8129,8129A,1,5,251530,761.45
8129,8129A,1,6,296317,351.52
8129,8129A,1,7,296318,2406.38
8129,8129A,1,8,251529,2517.78
8129,8129A,1,9,247201,2023.8
8129,8129A,1,10,251525,643.45
8129,8129A,1,11,251521,783.57
8129,8129A,1,12,251520,424.95
8129,8129A,1,13,247200,368.98
8129,8129A,1,14,251513,498.24
8129,8129A,1,15,251512,666.45
8129,8129A,1,16,251511,302.14
8129,8129A,1,17,251460,358.74
8129,8129A,1,18,251458,587.06
8129,8129A,1,19,251456,360.52
8129,8129A,1,20,190394,838.44
8130,8130,0,1,294105,
8130,8130,0,2,294039,2775.86
8130,8130,0,3,135653,300.09
8130,8130,0,4,97306,256.91
8130,8130,0,5,135655,507.15
8130,8130,0,6,187876,791.41
8130,8130,0,7,276755,499.61
8130,8130,0,8,136062,511.52
8130,8130,0,9,97099,537.39
8130,8130,0,10,247206,746.99
8130,8130,0,11,150801,530.19
8130,8130,0,12,97096,618.35
8130,8130,0,13,136253,682.65
8130,8130,0,14,97479,1122.38
8130,8130,0,15,136254,381.43
8130,8130,0,16,247214,463.8
8130,8130,0,17,97092,1223.13
8130,8130,0,18,247215,1684.17
8130,8130,0,19,247216,488.08
8130,8130,0,20,238821,1066.68
8130,8130,0,21,136255,233.44
8130,8130,0,22,247207,523.81
8130,8130,0,23,97087,1306.24
8130,8130A,1,1,247209,
8130,8130A,1,2,97088,1248.69
8130,8130A,1,3,264438,552.95
8130,8130A,1,4,238822,222.81
8130,8130A,1,5,97090,1084.92
8130,8130A,1,6,97091,527.59
8130,8130A,1,7,263418,1657.81
8130,8130A,1,8,97094,1190.52
8130,8130A,1,9,154638,557.54
8130,8130A,1,10,136324,316.96
8130,8130A,1,11,264437,1041.73
8130,8130A,1,12,263420,755.25
8130,8130A,1,13,97097,615.06
8130,8130A,1,14,97098,523.39
8130,8130A,1,15,263421,736.98
8130,8130A,1,16,136252,708.16
8130,8130A,1,17,276756,306.8
8130,8130A,1,18,271884,562.58
8130,8130A,1,19,187877,788.41
8130,8130A,1,20,263458,408.23
8130,8130A,1,21,187879,346.67
8130,8130A,1,22,294038,305.15
8130,8130A,1,23,238914,623.82
8130,8130A,1,24,136070,406.22
8130,8130A,1,25,238918,656.41
8130,8130A,1,26,238732,326.79
8130,8130A,1,27,96108,400.82
8130,8130A,1,28,96433,477.43
8130,8130A,1,29,294107,654.58
8130,8130A,1,30,300350,1434.09
8130,8130A,1,31,294108,1941.61
8131,8131,0,1,297077,
8131,8131,0,2,96102,984.7
8131,8131,0,3,96103,398.16
8131,8131,0,4,92645,697.98
8131,8131,0,5,275475,221.27
8131,8131,0,6,96431,472.97
8131,8131,0,7,238991,374.53
8131,8131,0,8,238927,366.11
8131,8131,0,9,136228,626.34
8131,8131,0,10,238903,538.65
8131,8131,0,11,294039,517.47
8131,8131,0,12,135653,300.1
8131,8131,0,13,97306,256.93
8131,8131,0,14,135655,506.45
8131,8131,0,15,187876,792.08
8131,8131,0,16,276755,499.63
8131,8131,0,17,136062,511.65
8131,8131,0,18,97099,536.99
8131,8131,0,19,247206,747.51
8131,8131,0,20,150801,530.32
8131,8131,0,21,97096,618.35
8131,8131,0,22,136253,683.42
8131,8131,0,23,97479,1121.58
8131,8131,0,24,136254,381.45
8131,8131,0,25,247214,463.8
8131,8131,0,26,97092,1223.84
8131,8131,0,27,247215,1684.65
8131,8131,0,28,247216,488.08
8131,8131,0,29,238821,1066.68
8131,8131,0,30,136255,233.44
8131,8131,0,31,247207,524.78
8131,8131,0,32,97087,1310.59
8131,8131,0,33,293536,1190.12
8131,8131,0,34,97185,886.43
8131,8131,0,35,247217,192.92
8131,8131,0,36,97184,952.62
8131,8131A,1,1,247198,
8131,8131A,1,2,97066,1410.39
8131,8131A,1,3,259428,209.75
8131,8131A,1,4,259426,886.16
8131,8131A,1,5,247209,1237.27
8131,8131A,1,6,97088,1248.69
8131,8131A,1,7,264438,552.95
8131,8131A,1,8,238822,222.81
8131,8131A,1,9,97090,1084.92
8131,8131A,1,10,97091,527.59
8131,8131A,1,11,263418,1657.44
8131,8131A,1,12,97094,1191.63
8131,8131A,1,13,154638,557.54
8131,8131A,1,14,136324,316.96
8131,8131A,1,15,264437,1041.73
8131,8131A,1,16,263420,755.25
8131,8131A,1,17,97097,615.06
8131,8131A,1,18,97098,523.39
8131,8131A,1,19,263421,737.03
8131,8131A,1,20,136252,708.15
8131,8131A,1,21,276756,306.8
8131,8131A,1,22,271884,562.58
8131,8131A,1,23,187877,788.41
8131,8131A,1,24,263458,408.23
8131,8131A,1,25,187879,346.68
8131,8131A,1,26,294038,305.15
8131,8131A,1,27,238914,623.82
8131,8131A,1,28,136070,406.22
8131,8131A,1,29,238918,656.41
8131,8131A,1,30,238732,326.79
8131,8131A,1,31,96108,400.82
8131,8131A,1,32,96433,477.43
8131,8131A,1,33,294107,654.58
8131,8131A,1,34,251456,1434.09
8131,8131A,1,35,294108,1941.09
8135,8135,0,1,297077,
8135,8135,0,2,96102,979.48
8135,8135,0,3,96103,398.82
8135,8135,0,4,92645,697.37
8135,8135,0,5,275475,221.27
8135,8135,0,6,96431,472.97
8135,8135,0,7,238991,374.53
8135,8135,0,8,238927,366.11
8135,8135,0,9,136228,626.34
8135,8135,0,10,238903,538.65
8135,8135,0,11,294039,517.47
8135,8135,0,12,135653,300.1
8135,8135,0,13,97306,256.63
8135,8135,0,14,135655,507.02
8135,8135,0,15,187876,791.8
8135,8135,0,16,276755,499.61
8135,8135,0,17,136062,511.52
8135,8135,0,18,97099,537.4
8135,8135,0,19,247206,746.98
8135,8135,0,20,150801,530.7
8135,8135,0,21,97096,617.83
8135,8135,0,22,136253,683.06
8135,8135,0,23,97479,1121.96
8135,8135,0,24,136254,381.73
8135,8135,0,25,247214,464
8135,8135,0,26,97092,1223.84
8135,8135,0,27,247215,1684.17
8135,8135,0,28,247216,488.08
8135,8135,0,29,238821,1066.68
8135,8135,0,30,136255,233.44
8135,8135,0,31,247207,523.81
8135,8135,0,32,97087,1306.71
8135,8135,0,33,97248,1100.7
8135,8135,0,34,97249,657.11
8135,8135,0,35,136268,984.07
8135,8135,0,36,97251,1136.62
8135,8135,0,37,97294,640.79
8135,8135,0,38,136375,1196.91
8135,8135,0,39,97253,2012.92
8135,8135,0,40,97293,722.67
8135,8135,0,41,97292,2166.31
8135,8135,0,42,97256,904.82
8135,8135,0,43,98366,537.26
8135,8135,0,44,97291,579.57
8135,8135,0,45,97290,359.4
8135,8135,0,46,97289,1054.02
8135,8135,0,47,97288,1086.46
8135,8135,0,48,136270,1427.68
8135,8135,0,49,136271,6134.96
8135,8135,0,50,97263,3074.57
8135,8135,0,51,277732,5824.02
8135,8135,0,52,97287,954.77
8135,8135,0,53,97266,1974.77
8135,8135,0,54,97267,1116.53
8135,8135,0,55,97286,905.86
8135,8135,0,56,136288,842.92
8135,8135,0,57,97285,4175.87
8135,8135,0,58,97284,2119.25
8135,8135,0,59,271874,818.67
8135,8135,0,60,136290,2342.21
8135,8135,0,61,271878,263.71
8135,8135,0,62,154552,793.74
8135,8135,0,63,300589,279.3
8135,8135,0,64,97276,2190.16
8135,8135,0,65,97277,1606.11
8135,8135,0,66,136275,404
8135,8135,1,1,97459,
8135,8135,1,2,263441,398.89
8135,8135,1,3,154558,1567.78
8135,8135,1,4,300590,2321.59
8135,8135,1,5,97281,248.82
8135,8135,1,6,271880,775.35
8135,8135,1,7,292557,269.23
8135,8135,1,8,271881,2347.91
8135,8135,1,9,263445,820.34
8135,8135,1,10,263446,2156.44
8135,8135,1,11,264448,4164.65
8135,8135,1,12,273867,842.13
8135,8135,1,13,273866,892.58
8135,8135,1,14,263438,1132.19
8135,8135,1,15,263448,1888.92
8135,8135,1,16,277737,1057.41
8135,8135,1,17,136299,5830.77
8135,8135,1,18,273840,3075.59
8135,8135,1,19,264442,6125.39
8135,8135,1,20,263449,1433.11
8135,8135,1,21,263450,1094.39
8135,8135,1,22,263451,1043.53
8135,8135,1,23,263452,369.06
8135,8135,1,24,263488,574.77
8135,8135,1,25,263436,534.02
8135,8135,1,26,263453,915
8135,8135,1,27,263454,2130.86
8135,8135,1,28,263435,720.06
8135,8135,1,29,264455,2048.73
8135,8135,1,30,263455,1232.89
8135,8135,1,31,263434,594.82
8135,8135,1,32,264441,1119.04
8135,8135,1,33,263433,1035.27
8135,8135,1,34,263432,663.39
8135,8135,1,35,247209,1106.57
8135,8135,1,36,97088,1248.69
8135,8135,1,37,264438,552.95
8135,8135,1,38,238822,222.81
8135,8135,1,39,97090,1084.92
8135,8135,1,40,97091,527.59
8135,8135,1,41,263418,1657.81
8135,8135,1,42,97094,1190.52
8135,8135,1,43,154638,557.74
8135,8135,1,44,136324,316.77
8135,8135,1,45,264437,1041.73
8135,8135,1,46,263420,755.25
8135,8135,1,47,97097,615.06
8135,8135,1,48,97098,523.39
8135,8135,1,49,263421,736.98
8135,8135,1,50,136252,708.16
8135,8135,1,51,276756,306.8
8135,8135,1,52,271884,562.58
8135,8135,1,53,187877,788.41
8135,8135,1,54,263458,408.19
8135,8135,1,55,187879,346.69
8135,8135,1,56,294038,305.15
8135,8135,1,57,238914,623.82
8135,8135,1,58,136070,406.18
8135,8135,1,59,238918,656.51
8135,8135,1,60,238732,326.79
8135,8135,1,61,96108,400.82
8135,8135,1,62,96433,477.43
8135,8135,1,63,275474,217.77
8135,8135,1,64,135427,666.52
8135,8135,1,65,96903,430.25
8135,8135,1,66,190394,335.66
8136,8136,0,1,297077,
8136,8136,0,2,97086,810.24
8136,8136,0,3,97085,337.72
8136,8136,0,4,97084,590.41
8136,8136,0,5,97083,348.42
8136,8136,0,6,97082,308.18
8136,8136,0,7,97081,676.64
8136,8136,0,8,97080,484.26
8136,8136,0,9,97079,369.95
8136,8136,0,10,97078,407.36
8136,8136,0,11,97077,808.48
8136,8136,0,12,136247,615.07
8136,8136,0,13,97043,2084.46
8136,8136,0,14,97076,231.66
8136,8136,0,15,99549,865.92
8136,8136,0,16,154723,364.32
8136,8136,0,17,99547,841.02
8136,8136,0,18,97072,1155.38
8136,8136,0,19,97071,208.26
8136,8136,0,20,97051,223.62
8136,8136,0,21,97070,320.09
8136,8136,0,22,99543,458.29
8136,8136,0,23,97087,362.1
8136,8136,0,24,97248,1124.59
8136,8136,0,25,97249,668.38
8136,8136,0,26,136268,983.47
8136,8136,0,27,97251,1135.81
8136,8136,0,28,97294,640.95
8136,8136,0,29,136375,1198.62
8136,8136,0,30,97253,2010.87
8136,8136,0,31,97293,723.98
8136,8136,0,32,97292,2166.8
8136,8136,0,33,97256,906.5
8136,8136,0,34,98366,538.17
8136,8136,0,35,97291,580.53
8136,8136,0,36,97290,357.57
8136,8136,0,37,97289,1054.11
8136,8136,0,38,97288,1087.08
8136,8136,0,39,136270,1428.36
8136,8136,0,40,136271,6139.47
8136,8136,0,41,97263,3074.73
8136,8136,0,42,277732,5830.86
8136,8136,0,43,97287,963.11
8136,8136,0,44,97266,1977.47
8136,8136,0,45,97267,1116.88
8136,8136,0,46,97286,906.39
8136,8136,0,47,136288,843.21
8136,8136,0,48,97285,4175.89
8136,8136,0,49,97284,2119.25
8136,8136,0,50,271874,818.67
8136,8136,0,51,136290,2343.11
8136,8136,0,52,271878,262.91
8136,8136,0,53,154552,793.82
8136,8136,0,54,300589,279.78
8136,8136,0,55,97276,2189.68
8136,8136,0,56,97277,1606.11
8136,8136,0,57,136275,404
8136,8136,1,1,97459,
8136,8136,1,2,263441,398.89
8136,8136,1,3,154558,1569.8
8136,8136,1,4,300590,2321.56
8136,8136,1,5,97281,248.61
8136,8136,1,6,271880,777.64
8136,8136,1,7,292557,268.87
8136,8136,1,8,271881,2348.09
8136,8136,1,9,263445,820.31
8136,8136,1,10,263446,2156.47
8136,8136,1,11,264448,4164.7
8136,8136,1,12,273867,842.13
8136,8136,1,13,273866,892.58
8136,8136,1,14,263438,1132.19
8136,8136,1,15,263448,1888.92
8136,8136,1,16,277737,1057.41
8136,8136,1,17,136299,5830.77
8136,8136,1,18,273840,3075.59
8136,8136,1,19,264442,6125.32
8136,8136,1,20,263449,1433.21
8136,8136,1,21,263450,1094.19
8136,8136,1,22,263451,1043.84
8136,8136,1,23,263452,369.02
8136,8136,1,24,263488,574.77
8136,8136,1,25,263436,534.02
8136,8136,1,26,263453,915
8136,8136,1,27,263454,2130.86
8136,8136,1,28,263435,720.06
8136,8136,1,29,264455,2048.73
8136,8136,1,30,263455,1232.89
8136,8136,1,31,263434,594.82
8136,8136,1,32,264441,1119.04
8136,8136,1,33,263433,1035.27
8136,8136,1,34,263432,663.39
8136,8136,1,35,247209,1106.57
8136,8136,1,36,259421,319.7
8136,8136,1,37,259420,479.35
8136,8136,1,38,259410,320.32
8136,8136,1,39,259408,228.98
8136,8136,1,40,251537,203.27
8136,8136,1,41,97074,1036.16
8136,8136,1,42,97075,1003.2
8136,8136,1,43,251532,423.29
8136,8136,1,44,251530,761.45
8136,8136,1,45,251529,305.93
8136,8136,1,46,247201,2023.8
8136,8136,1,47,251525,643.45
8136,8136,1,48,251521,783.57
8136,8136,1,49,251520,424.95
8136,8136,1,50,247200,368.98
8136,8136,1,51,251513,498.24
8136,8136,1,52,251512,666.45
8136,8136,1,53,251511,302.14
8136,8136,1,54,251460,358.74
8136,8136,1,55,251458,587.06
8136,8136,1,56,251456,360.52
8136,8136,1,57,190394,838.44
8137,8137,0,1,297077,
8137,8137,0,2,96102,986.2
8137,8137,0,3,96103,398.7
8137,8137,0,4,92645,697.45
8137,8137,0,5,275475,221.27
8137,8137,0,6,96431,472.97
8137,8137,0,7,238991,374.53
8137,8137,0,8,238927,366.11
8137,8137,0,9,136228,626.34
8137,8137,0,10,238903,538.65
8137,8137,0,11,294039,517.47
8137,8137,0,12,135653,300.1
8137,8137,0,13,97306,256.42
8137,8137,0,14,135655,508.4
8137,8137,0,15,187876,790.65
8137,8137,0,16,276755,499.63
8137,8137,0,17,136062,511.65
8137,8137,0,18,97099,536.99
8137,8137,0,19,247206,747.51
8137,8137,0,20,150801,530.89
8137,8137,0,21,97096,618.11
8137,8137,0,22,136253,683.93
8137,8137,0,23,97479,1120.93
8137,8137,0,24,136254,381.73
8137,8137,0,25,247214,464
8137,8137,0,26,97092,1223.84
8137,8137,0,27,247215,1684.17
8137,8137,0,28,247216,488.05
8137,8137,0,29,238821,1068.55
8137,8137,0,30,136255,232.4
8137,8137,0,31,247207,523.81
8137,8137,0,32,97087,1310.75
8137,8137,0,33,97248,1108.84
8137,8137,0,34,97249,657.73
8137,8137,0,35,136268,983.47
8137,8137,0,36,97251,1135.81
8137,8137,0,37,97294,640.95
8137,8137,0,38,136375,1198.62
8137,8137,0,39,97253,2009.51
8137,8137,0,40,97293,725.42
8137,8137,0,41,97292,2166.41
8137,8137,0,42,97256,906.58
8137,8137,0,43,98366,538.17
8137,8137,0,44,97291,580.53
8137,8137,0,45,97290,357.57
8137,8137,0,46,97289,1054.16
8137,8137,0,47,97288,1087.08
8137,8137,0,48,136270,1428.08
8137,8137,0,49,136271,6134.75
8137,8137,0,50,97263,3074.57
8137,8137,0,51,277732,5824.02
8137,8137,0,52,97287,963.11
8137,8137,0,53,97266,1974.6
8137,8137,0,54,97267,1116.83
8137,8137,0,55,97286,905.86
8137,8137,0,56,136288,842.92
8137,8137,0,57,97285,4190.31
8137,8137,0,58,97284,2119.36
8137,8137,0,59,271874,820.34
8137,8137,0,60,136290,2340.81
8137,8137,1,1,292557,
8137,8137,1,2,271881,2343.45
8137,8137,1,3,263445,819.51
8137,8137,1,4,263446,2156.44
8137,8137,1,5,264448,4164.7
8137,8137,1,6,273867,842.13
8137,8137,1,7,273866,892.58
8137,8137,1,8,263438,1132.19
8137,8137,1,9,263448,1888.92
8137,8137,1,10,277737,1057.37
8137,8137,1,11,136299,5830.77
8137,8137,1,12,273840,3075.59
8137,8137,1,13,264442,6125.44
8137,8137,1,14,263449,1433.07
8137,8137,1,15,263450,1094.54
8137,8137,1,16,263451,1043.47
8137,8137,1,17,263452,369.02
8137,8137,1,18,263488,574.77
8137,8137,1,19,263436,534.02
8137,8137,1,20,263453,915
8137,8137,1,21,263454,2130.86
8137,8137,1,22,263435,720.06
8137,8137,1,23,264455,2048.73
8137,8137,1,24,263455,1232.89
8137,8137,1,25,263434,594.82
8137,8137,1,26,264441,1119.04
8137,8137,1,27,263433,1035.27
8137,8137,1,28,263432,663.39
8137,8137,1,29,247209,1106.57
8137,8137,1,30,97088,1248.69
8137,8137,1,31,264438,552.95
8137,8137,1,32,238822,222.81
8137,8137,1,33,97090,1084.92
8137,8137,1,34,97091,527.59
8137,8137,1,35,263418,1657.81
8137,8137,1,36,97094,1190.52
8137,8137,1,37,154638,557.54
8137,8137,1,38,136324,316.96
8137,8137,1,39,264437,1041.73
8137,8137,1,40,263420,755.25
8137,8137,1,41,97097,615.06
8137,8137,1,42,97098,523.39
8137,8137,1,43,263421,737.02
8137,8137,1,44,136252,708.16
8137,8137,1,45,276756,306.8
8137,8137,1,46,271884,562.58
8137,8137,1,47,187877,788.41
8137,8137,1,48,263458,408.23
8137,8137,1,49,187879,346.66
8137,8137,1,50,294038,305.15
8137,8137,1,51,238914,623.82
8137,8137,1,52,136070,406.22
8137,8137,1,53,238918,656.41
8137,8137,1,54,238732,326.79
8137,8137,1,55,96108,400.82
8137,8137,1,56,96433,477.43
8137,8137,1,57,275474,217.77
8137,8137,1,58,135427,666.52
8137,8137,1,59,96903,430.25
8137,8137,1,60,190394,336.81
8138,8138,0,1,297077,
8138,8138,0,2,96102,980.14
8138,8138,0,3,96103,397.82
8138,8138,0,4,92645,698.37
8138,8138,0,5,275475,221.27
8138,8138,0,6,96431,472.97
8138,8138,0,7,238991,374.53
8138,8138,0,8,238927,366.11
8138,8138,0,9,136228,626.34
8138,8138,0,10,238903,538.65
8138,8138,0,11,294039,517.47
8138,8138,0,12,135653,300.1
8138,8138,0,13,97306,256.42
8138,8138,0,14,135655,507.39
8138,8138,0,15,187876,791.64
8138,8138,0,16,276755,499.63
8138,8138,0,17,136062,511.65
8138,8138,0,18,97099,536.99
8138,8138,0,19,247206,747.51
8138,8138,0,20,150801,529.5
8138,8138,0,21,97096,619.9
8138,8138,0,22,136253,683.59
8138,8138,0,23,97479,1120.93
8138,8138,0,24,136254,381.73
8138,8138,0,25,247214,464
8138,8138,0,26,97092,1223.84
8138,8138,0,27,247215,1684.52
8138,8138,0,28,247216,487.85
8138,8138,0,29,238821,1067.86
8138,8138,0,30,136255,232.93
8138,8138,0,31,247207,523.76
8138,8138,0,32,97087,1310.85
8138,8138,0,33,97248,1124.59
8138,8138,0,34,97249,668.38
8138,8138,0,35,136268,983.47
8138,8138,0,36,97251,1135.81
8138,8138,0,37,97294,640.95
8138,8138,0,38,136375,1198.62
8138,8138,0,39,97253,2012.05
8138,8138,0,40,97293,722.53
8138,8138,0,41,97292,2166.63
8138,8138,0,42,97256,906.54
8138,8138,0,43,98366,538.17
8138,8138,0,44,97291,580.53
8138,8138,0,45,97290,357.57
8138,8138,0,46,97289,1054.14
8138,8138,0,47,97288,1087.08
8138,8138,0,48,136270,1428.04
8138,8138,0,49,136271,6139.76
8138,8138,0,50,97911,360.72
8138,8138,0,51,97912,606.73
8138,8138,0,52,98104,1477.33
8138,8138,0,53,98103,245.29
8138,8138,0,54,98102,1723.81
8138,8138,1,1,98102,
8138,8138,1,2,263477,1747.93
8138,8138,1,3,263478,233.87
8138,8138,1,4,263472,1469.38
8138,8138,1,5,263471,601.96
8138,8138,1,6,273840,360.3
8138,8138,1,7,264442,6125.51
8138,8138,1,8,263449,1432.98
8138,8138,1,9,263450,1094.01
8138,8138,1,10,263451,1044.03
8138,8138,1,11,263452,369.02
8138,8138,1,12,263488,574.77
8138,8138,1,13,263436,534.02
8138,8138,1,14,263453,915
8138,8138,1,15,263454,2130.86
8138,8138,1,16,263435,720.06
8138,8138,1,17,264455,2048.73
8138,8138,1,18,263455,1232.89
8138,8138,1,19,263434,594.82
8138,8138,1,20,264441,1119.04
8138,8138,1,21,263433,1035.27
8138,8138,1,22,263432,663.39
8138,8138,1,23,247209,1106.57
8138,8138,1,24,97088,1248.69
8138,8138,1,25,264438,552.95
8138,8138,1,26,238822,222.81
8138,8138,1,27,97090,1084.92
8138,8138,1,28,97091,527.59
8138,8138,1,29,263418,1657.44
8138,8138,1,30,97094,1191.63
8138,8138,1,31,154638,557.42
8138,8138,1,32,136324,317.08
8138,8138,1,33,264437,1041.73
8138,8138,1,34,263420,755.25
8138,8138,1,35,97097,615.06
8138,8138,1,36,97098,523.39
8138,8138,1,37,263421,737.04
8138,8138,1,38,136252,708.14
8138,8138,1,39,276756,306.8
8138,8138,1,40,271884,562.58
8138,8138,1,41,187877,788.41
8138,8138,1,42,263458,408.23
8138,8138,1,43,187879,346.66
8138,8138,1,44,294038,305.15
8138,8138,1,45,238914,623.82
8138,8138,1,46,136070,406.22
8138,8138,1,47,238918,656.41
8138,8138,1,48,238732,326.79
8138,8138,1,49,96108,400.82
8138,8138,1,50,96433,477.43
8138,8138,1,51,275474,217.77
8138,8138,1,52,135427,666.52
8138,8138,1,53,96903,430.25
8138,8138,1,54,190394,335.99
8150,8150,0,1,297077,
8150,8150,0,2,96102,989.2
8150,8150,0,3,96103,398.74
8150,8150,0,4,92645,697.45
8150,8150,0,5,275475,221.27
8150,8150,0,6,96431,472.97
8150,8150,0,7,238991,374.53
8150,8150,0,8,238927,366.11
8150,8150,0,9,136228,626.34
8150,8150,0,10,238903,538.65
8150,8150,0,11,294039,517.47
8150,8150,0,12,135653,300.1
8150,8150,0,13,97306,256.63
8150,8150,0,14,135655,506.97
8150,8150,0,15,187876,791.85
8150,8150,0,16,276755,499.61
8150,8150,0,17,136062,511.59
8150,8150,0,18,97099,536.99
8150,8150,0,19,247206,747.51
8150,8150,0,20,150801,529.67
8150,8150,0,21,97096,619.73
8150,8150,0,22,136253,682.58
8150,8150,0,23,97479,1121.96
8150,8150,0,24,136254,381.45
8150,8150,0,25,247214,463.8
8150,8150,0,26,97092,1223.13
8150,8150,0,27,247215,1684.17
8150,8150,0,28,247216,488.08
8150,8150,0,29,238821,1066.68
8150,8150,0,30,136255,233.44
8150,8150,0,31,247207,523.81
8150,8150,0,32,97087,1306.67
8150,8150,0,33,97248,1101.73
8150,8150,0,34,97249,657.19
8150,8150,0,35,136268,984.07
8150,8150,0,36,97251,1136.62
8150,8150,0,37,97294,640.74
8150,8150,0,38,136375,1197.06
8150,8150,0,39,97253,2011.58
8150,8150,0,40,97293,725.42
8150,8150,0,41,97292,2166.73
8150,8150,0,42,97256,906.51
8150,8150,0,43,98366,538.17
8150,8150,0,44,97291,580.53
8150,8150,0,45,150827,709.38
8150,8150,0,46,150828,1861.7
8150,8150,0,47,150829,900.54
8150,8150,0,48,150830,321.45
8150,8150,0,49,150831,1285.45
8150,8150,0,50,311832,628.55
8150,8150,1,1,311832,
8150,8150,1,2,311833,758.57
8150,8150,1,3,154613,1174.61
8150,8150,1,4,154614,302.9
8150,8150,1,5,154615,905.2
8150,8150,1,6,154616,1917.02
8150,8150,1,7,263452,655.44
8150,8150,1,8,263488,575.76
8150,8150,1,9,263436,535.66
8150,8150,1,10,263453,916.34
8150,8150,1,11,263454,2131.03
8150,8150,1,12,263435,720.07
8150,8150,1,13,264455,2047.34
8150,8150,1,14,263455,1232.62
8150,8150,1,15,263434,594.89
8150,8150,1,16,264441,1120.98
8150,8150,1,17,263433,1038.42
8150,8150,1,18,263432,668.73
8150,8150,1,19,247209,1120.24
8150,8150,1,20,97088,1252.73
8150,8150,1,21,264438,552.87
8150,8150,1,22,238822,222.36
8150,8150,1,23,97090,1084.72
8150,8150,1,24,97091,527.7
8150,8150,1,25,263418,1658.03
8150,8150,1,26,97094,1191.63
8150,8150,1,27,154638,559.24
8150,8150,1,28,136324,316.25
8150,8150,1,29,264437,1042.26
8150,8150,1,30,263420,755.31
8150,8150,1,31,97097,614.68
8150,8150,1,32,97098,523.81
8150,8150,1,33,263421,737.33
8150,8150,1,34,136252,708.09
8150,8150,1,35,276756,306.85
8150,8150,1,36,271884,562.46
8150,8150,1,37,187877,791.41
8150,8150,1,38,263458,406.18
8150,8150,1,39,187879,346.62
8150,8150,1,40,294038,305.34
8150,8150,1,41,238914,622.49
8150,8150,1,42,136070,409.98
8150,8150,1,43,238918,655.35
8150,8150,1,44,238732,334.8
8150,8150,1,45,96108,401.39
8150,8150,1,46,96433,476.03
8150,8150,1,47,275474,218.21
8150,8150,1,48,135427,665.63
8150,8150,1,49,96903,430.08
8150,8150,1,50,190394,335.99
8151,8151,0,1,297077,
8151,8151,0,2,96102,981.65
8151,8151,0,3,96103,397.83
8151,8151,0,4,92645,698.37
8151,8151,0,5,275475,221.27
8151,8151,0,6,96431,472.97
8151,8151,0,7,238991,374.53
8151,8151,0,8,238927,366.11
8151,8151,0,9,136228,626.34
8151,8151,0,10,238903,538.65
8151,8151,0,11,294039,517.47
8151,8151,0,12,135653,300.1
8151,8151,0,13,97306,256.63
8151,8151,0,14,135655,507.17
8151,8151,0,15,187876,791.41
8151,8151,0,16,276755,499.61
8151,8151,0,17,136062,511.59
8151,8151,0,18,97099,536.99
8151,8151,0,19,247206,747.51
8151,8151,0,20,150801,530.9
8151,8151,0,21,97096,617.75
8151,8151,0,22,136253,684.06
8151,8151,0,23,97479,1120.93
8151,8151,0,24,136254,381.73
8151,8151,0,25,247214,464
8151,8151,0,26,97092,1223.84
8151,8151,0,27,247215,1685
8151,8151,0,28,247216,487.88
8151,8151,0,29,238821,1066.68
8151,8151,0,30,136255,233.44
8151,8151,0,31,247207,524.78
8151,8151,0,32,97087,1310.85
8151,8151,0,33,97248,1120.69
8151,8151,0,34,97249,664.47
8151,8151,0,35,136268,983.47
8151,8151,0,36,97251,1135.81
8151,8151,0,37,97294,640.95
8151,8151,0,38,136375,1198.62
8151,8151,0,39,97253,2011.72
8151,8151,0,40,97293,723.11
8151,8151,0,41,97292,2166.8
8151,8151,0,42,97256,906.5
8151,8151,0,43,98366,536.52
8151,8151A,1,1,263488,
8151,8151A,1,2,263436,529.51
8151,8151A,1,3,263453,916.31
8151,8151A,1,4,263454,2130.86
8151,8151A,1,5,263435,720.06
8151,8151A,1,6,264455,2048.73
8151,8151A,1,7,263455,1232.89
8151,8151A,1,8,263434,594.82
8151,8151A,1,9,264441,1119.04
8151,8151A,1,10,263433,1035.27
8151,8151A,1,11,263432,663.39
8151,8151A,1,12,247209,1106.57
8151,8151A,1,13,97088,1248.69
8151,8151A,1,14,264438,552.95
8151,8151A,1,15,238822,222.81
8151,8151A,1,16,97090,1084.92
8151,8151A,1,17,97091,527.59
8151,8151A,1,18,263418,1657.81
8151,8151A,1,19,97094,1190.52
8151,8151A,1,20,154638,557.3
8151,8151A,1,21,136324,317.21
8151,8151A,1,22,264437,1041.73
8151,8151A,1,23,263420,755.25
8151,8151A,1,24,97097,615.06
8151,8151A,1,25,97098,523.39
8151,8151A,1,26,263421,737.33
8151,8151A,1,27,136252,708.07
8151,8151A,1,28,276756,306.8
8151,8151A,1,29,271884,562.58
8151,8151A,1,30,187877,788.41
8151,8151A,1,31,263458,408.23
8151,8151A,1,32,187879,346.66
8151,8151A,1,33,294038,305.15
8151,8151A,1,34,238914,623.82
8151,8151A,1,35,136070,406.22
8151,8151A,1,36,238918,656.41
8151,8151A,1,37,238732,326.79
8151,8151A,1,38,96108,400.82
8151,8151A,1,39,96433,477.43
8151,8151A,1,40,294107,654.58
8151,8151A,1,41,251456,1433.93
8151,8151A,1,42,294108,1927.55
8152,8152A,1,1,263488,
8152,8152A,1,2,263436,529.51
8152,8152A,1,3,263453,916.31
8152,8152A,1,4,263454,2130.86
8152,8152A,1,5,263435,720.06
8152,8152A,1,6,264455,2048.73
8152,8152A,1,7,263455,1232.89
8152,8152A,1,8,263434,594.82
8152,8152A,1,9,264441,1119.04
8152,8152A,1,10,263433,1035.27
8152,8152A,1,11,263432,663.39
8152,8152A,1,12,247209,1106.57
8152,8152A,1,13,259421,319.7
8152,8152A,1,14,259420,479.35
8152,8152A,1,15,259410,320.32
8152,8152A,1,16,259408,228.98
8152,8152A,1,17,251537,203.3
8152,8152A,1,18,97074,1036.13
8152,8152A,1,19,97075,1003.2
8152,8152A,1,20,251532,423.29
8152,8152A,1,21,251530,761.45
8152,8152A,1,22,251529,305.93
8152,8152A,1,23,247201,2023.8
8152,8152A,1,24,251525,643.45
8152,8152A,1,25,251521,783.57
8152,8152A,1,26,251520,424.95
8152,8152A,1,27,247200,368.98
8152,8152A,1,28,251513,498.24
8152,8152A,1,29,251512,666.45
8152,8152A,1,30,251511,302.14
8152,8152A,1,31,251460,358.74
8152,8152A,1,32,251458,587.06
8152,8152A,1,33,251456,360.56
8152,8152A,1,34,311839,1421.75
8152,8152A,1,35,294108,1951.17
8153,8153,1,1,264455,
8153,8153,1,2,263455,1232.89
8153,8153,1,3,263434,594.82
8153,8153,1,4,264441,1119.04
8153,8153,1,5,263433,1035.27
8153,8153,1,6,263432,663.39
8153,8153,1,7,247209,1106.57
8153,8153,1,8,97088,1248.69
8153,8153,1,9,264438,552.95
8153,8153,1,10,238822,222.81
8153,8153,1,11,97090,1084.92
8153,8153,1,12,97091,527.59
8153,8153,1,13,263418,1657.44
8153,8153,1,14,97094,1191.63
8153,8153,1,15,154638,557.3
8153,8153,1,16,136324,317.21
8153,8153,1,17,264437,1041.73
8153,8153,1,18,263420,755.25
8153,8153,1,19,97097,615.06
8153,8153,1,20,97098,523.39
8153,8153,1,21,263421,736.98
8153,8153,1,22,136252,708.16
8153,8153,1,23,276756,306.8
8153,8153,1,24,271884,562.58
8153,8153,1,25,187877,788.41
8153,8153,1,26,263458,408.23
8153,8153,1,27,187879,346.68
8153,8153,1,28,294038,305.15
8153,8153,1,29,238914,623.82
8153,8153,1,30,136070,406.22
8153,8153,1,31,238918,656.41
8153,8153,1,32,238732,326.79
8153,8153,1,33,96108,400.82
8153,8153,1,34,96433,477.43
8153,8153,1,35,294107,654.58
8153,8153,1,36,251456,1433.93
8153,8153,1,37,294108,1927.55
8156,8156,0,1,97459,
8156,8156,0,2,263441,398.55
8156,8156,0,3,154558,1568.71
8156,8156,0,4,300590,2321.6
8156,8156,0,5,97281,248.81
8156,8156,0,6,271880,775.23
8156,8156,0,7,292557,269.29
8156,8156,0,8,271881,2348.83
8156,8156,0,9,263445,819.55
8156,8156,0,10,263446,2156.44
8156,8156,0,11,264448,4164.7
8156,8156,0,12,273867,842.13
8156,8156,0,13,273866,892.58
8156,8156,0,14,263438,1133.09
8156,8156,0,15,277732,3643.01
8156,8156,1,1,277732,
8156,8156,1,2,97287,955.48
8156,8156,1,3,97266,1976.59
8156,8156,1,4,97267,1116.59
8156,8156,1,5,97286,905.86
8156,8156,1,6,136288,842.92
8156,8156,1,7,97285,4190.31
8156,8156,1,8,97284,2119.36
8156,8156,1,9,271874,820.41
8156,8156,1,10,136290,2340.23
8156,8156,1,11,271878,263.71
8156,8156,1,12,154552,792.34
8156,8156,1,13,300589,279.17
8156,8156,1,14,97276,2190.21
8156,8156,1,15,97277,1606.08
8156,8156,1,16,136275,400.17
8157,8157,0,1,136290,
8157,8157,0,2,271878,263.71
8157,8157,0,3,154552,792.34
8157,8157,0,4,300589,279.17
8157,8157,0,5,97276,2190.21
8157,8157,0,6,97277,1606.06
8157,8157,0,7,136275,404
8157,8157,1,1,97459,
8157,8157,1,2,263441,398.89
8157,8157,1,3,154558,1518.16
8157,8157,1,4,300590,2321.75
8157,8157,1,5,97281,248.55
8157,8157,1,6,271880,777.09
8157,8157,1,7,292557,269.57
8158,8158,0,1,136271,
8158,8158,0,2,97263,3074.57
8158,8158,0,3,277732,5824.02
8158,8158,0,4,97287,954.77
8158,8158,0,5,97266,1974.77
8158,8158,0,6,97267,1116.53
8158,8158,0,7,97286,905.86
8158,8158,0,8,136288,842.92
8158,8158,0,9,97285,4190.31
8158,8158,0,10,97284,2119.36
8158,8158,0,11,271874,820.34
8158,8158,0,12,136290,2340.47
8158,8158,0,13,271878,263.71
8158,8158,0,14,154552,792.34
8158,8158,0,15,300589,279.21
8158,8158,0,16,97276,2190.11
8158,8158,0,17,97277,1606.11
8158,8158,0,18,136275,404.08
8161,8161,0,1,297077,
8161,8161,0,2,96102,757.83
8161,8161,0,3,96103,399.17
8161,8161,0,4,92645,699.94
8161,8161,0,5,275475,219.9
8161,8161,0,6,96431,473.19
8161,8161,0,7,238991,375.58
8161,8161,0,8,92650,214.36
8161,8161,0,9,242597,571.46
8161,8161,0,10,311234,472.5
8161,8161,0,11,92652,444.89
8161,8161,0,12,98714,472.28
8161,8161,0,13,92654,253.57
8161,8161,0,14,136483,555.28
8161,8161,0,15,282788,507.09
8161,8161,0,16,150902,823.68
8161,8161,0,17,98551,1384.64
8161,8161,0,18,136484,920.88
8161,8161,0,19,92660,733.41
8161,8161,0,20,92661,831.15
8161,8161,0,21,98550,1009.23
8161,8161,0,22,150908,694.24
8161,8161,0,23,92664,642.25
8161,8161,0,24,293534,474.87
8161,8161,0,25,92666,355.84
8161,8161,0,26,92667,858.6
8161,8161,0,27,146548,204.94
8161,8161,0,28,150914,1897.3
8161,8161,0,29,98548,1590.44
8161,8161,0,30,98547,1507.1
8161,8161,0,31,184981,929.08
8161,8161,0,32,93248,1861.12
8161,8161,0,33,98546,928.21
8161,8161,0,34,98545,535.94
8161,8161,0,35,93251,600.41
8161,8161,0,36,98544,962.71
8161,8161,0,37,136477,713.22
8161,8161,0,38,98543,305.03
8161,8161,0,39,98542,733.95
8161,8161,0,40,98541,2327.61
8161,8161,0,41,98540,1026.05
8161,8161,0,42,98539,1221.89
8161,8161,0,43,98494,523.92
8161,8161,0,44,136478,1779.45
8161,8161,0,45,271897,610.66
8161,8161,0,46,302061,450.8
8161,8161,0,47,275469,1858.96
8161,8161,0,48,93261,981.43
8161,8161,0,49,280311,1113.46
8161,8161,0,50,98536,1273.9
8161,8161,0,51,98535,879.19
8161,8161,0,52,98534,2614.89
8161,8161,0,53,98533,681.97
8161,8161,0,54,136480,240.49
8161,8161,0,55,294077,424.2
8161,8161,0,56,99348,759.93
8161,8161,0,57,98531,487.87
8161,8161,0,58,136481,1658.88
8161,8161,0,59,99346,867.66
8161,8161,0,60,98529,943.54
8161,8161,0,61,98509,570.28
8161,8161,0,62,136482,542.3
8161,8161,0,63,98528,954.59
8161,8161,0,64,98922,1711.28
8161,8161,0,65,307539,495.84
8161,8161,0,66,98527,1553.6
8161,8161,0,67,98526,1388.81
8161,8161,0,68,98525,1949.35
8161,8161,0,69,98516,1256.93
8161,8161,0,70,98850,362.84
8161,8161,0,71,98517,274.48
8161,8161,0,72,98524,1052.9
8161,8161,0,73,98519,2057.3
8161,8161,0,74,98520,1229.7
8161,8161,0,75,98522,2639.14
8161,8161,1,1,275484,
8161,8161,1,2,263497,2666.78
8161,8161,1,3,263496,1221.86
8161,8161,1,4,263499,2017.12
8161,8161,1,5,276042,1084.87
8161,8161,1,6,263495,263.41
8161,8161,1,7,263494,367.58
8161,8161,1,8,263500,1247.08
8161,8161,1,9,263501,1957.32
8161,8161,1,10,263502,1351.3
8161,8161,1,11,307540,1596.28
8161,8161,1,12,263565,500.8
8161,8161,1,13,263503,1712.05
8161,8161,1,14,264461,963.07
8161,8161,1,15,263493,552.04
8161,8161,1,16,263504,552.78
8161,8161,1,17,263618,956.83
8161,8161,1,18,264460,879.98
8161,8161,1,19,263505,1646.24
8161,8161,1,20,263620,498.19
8161,8161,1,21,294078,764.88
8161,8161,1,22,264459,430.52
8161,8161,1,23,263506,244.93
8161,8161,1,24,263507,670.94
8161,8161,1,25,263508,2617.54
8161,8161,1,26,263509,858.85
8161,8161,1,27,263510,1286.03
8161,8161,1,28,263262,1123.17
8161,8161,1,29,263535,1000.14
8161,8161,1,30,302062,1838.49
8161,8161,1,31,271896,432.41
8161,8161,1,32,264458,581.65
8161,8161,1,33,263492,1806.25
8161,8161,1,34,263512,506.96
8161,8161,1,35,263513,1252.82
8161,8161,1,36,263514,1018.5
8161,8161,1,37,263515,2316.33
8161,8161,1,38,263516,728.95
8161,8161,1,39,264457,311.64
8161,8161,1,40,263517,715.45
8161,8161,1,41,263261,877.4
8161,8161,1,42,263518,706.25
8161,8161,1,43,263519,516.34
8161,8161,1,44,150975,922.28
8161,8161,1,45,155386,1861.54
8161,8161,1,46,263520,906.19
8161,8161,1,47,263521,1521.25
8161,8161,1,48,92798,1573.02
8161,8161,1,49,155390,1926.44
8161,8161,1,50,263259,195.94
8161,8161,1,51,263258,826.53
8161,8161,1,52,98549,354.43
8161,8161,1,53,271711,474.71
8161,8161,1,54,92663,663.44
8161,8161,1,55,263522,645.75
8161,8161,1,56,263256,1082.42
8161,8161,1,57,263255,789.6
8161,8161,1,58,155253,736.26
8161,8161,1,59,263523,852.12
8161,8161,1,60,92657,1444.55
8161,8161,1,61,282500,880.1
8161,8161,1,62,92655,469.13
8161,8161,1,63,278138,563.3
8161,8161,1,64,92653,231.37
8161,8161,1,65,263252,473.08
8161,8161,1,66,311235,451.75
8161,8161,1,67,92651,482.08
8161,8161,1,68,96110,548.94
8161,8161,1,69,238732,194.3
8161,8161,1,70,96108,400.82
8161,8161,1,71,96433,477.43
8161,8161,1,72,275474,217.77
8161,8161,1,73,135427,666.8
8161,8161,1,74,96903,429.39
8161,8161,1,75,190394,335.44
8163,8163,0,1,297077,
8163,8163,0,2,96102,981.65
8163,8163,0,3,96103,397.83
8163,8163,0,4,92645,698.37
8163,8163,0,5,275475,221.27
8163,8163,0,6,96431,472.97
8163,8163,0,7,238991,374.53
8163,8163,0,8,92650,214.34
8163,8163,0,9,242597,571.27
8163,8163,0,10,311234,473.51
8163,8163,0,11,92652,443.28
8163,8163,0,12,98714,472.26
8163,8163,0,13,92654,253.57
8163,8163,0,14,136483,555.28
8163,8163,0,15,282788,507.13
8163,8163,0,16,150902,823.3
8163,8163,0,17,98551,1385.46
8163,8163,0,18,136484,920.83
8163,8163,0,19,92660,731.87
8163,8163,0,20,92661,831.42
8163,8163,0,21,98550,1009.3
8163,8163,0,22,150908,694.38
8163,8163,0,23,92664,642.38
8163,8163,0,24,293534,474.83
8163,8163,0,25,92666,355.82
8163,8163,0,26,92667,858.56
8163,8163,0,27,146548,204.99
8163,8163,0,28,150914,1897.46
8163,8163,0,29,98548,1590.33
8163,8163,0,30,98547,1507.1
8163,8163,0,31,184981,928.23
8163,8163,0,32,93248,1844.51
8163,8163,0,33,98546,949.61
8163,8163,0,34,98545,535.94
8163,8163,0,35,93251,600.39
8163,8163,0,36,98544,962.73
8163,8163,0,37,136477,713.26
8163,8163,0,38,98543,305.13
8163,8163,0,39,98542,734.91
8163,8163,0,40,98541,2328.26
8163,8163,0,41,98540,1026.05
8163,8163,0,42,98539,1221.25
8163,8163,0,43,98494,523.86
8163,8163,0,44,136478,1779.42
8163,8163,0,45,271897,611.37
8163,8163,0,46,302061,451.52
8163,8163,0,47,275469,1856.72
8163,8163,0,48,93261,981.43
8163,8163,0,49,280311,1113.46
8163,8163,0,50,98536,1273.9
8163,8163,0,51,98535,879.19
8163,8163,0,52,98534,2614.89
8163,8163,0,53,98533,681.97
8163,8163,0,54,136480,240.49
8163,8163,0,55,294077,424.2
8163,8163,0,56,99348,759.93
8163,8163,0,57,98531,487.87
8163,8163,0,58,136481,1658.88
8163,8163,0,59,99346,867.66
8163,8163,0,60,98529,943.54
8163,8163,0,61,98509,570.28
8163,8163,0,62,136482,542.3
8163,8163,0,63,98528,954.59
8163,8163,0,64,98922,1711.28
8163,8163,0,65,307539,495.84
8163,8163,0,66,98527,1553.6
8163,8163,0,67,98526,1388.81
8163,8163,0,68,98525,1949.36
8163,8163,0,69,98516,1256.92
8163,8163,0,70,98850,362.84
8163,8163,0,71,98517,274.57
8163,8163,1,1,276042,
8163,8163,1,2,263495,263.41
8163,8163,1,3,263494,367.58
8163,8163,1,4,263500,1247.08
8163,8163,1,5,263501,1957.32
8163,8163,1,6,263502,1351.3
8163,8163,1,7,307540,1596.28
8163,8163,1,8,263565,500.8
8163,8163,1,9,263503,1712.05
8163,8163,1,10,264461,963.07
8163,8163,1,11,263493,552.04
8163,8163,1,12,263504,552.78
8163,8163,1,13,263618,956.83
8163,8163,1,14,264460,879.98
8163,8163,1,15,263505,1646.24
8163,8163,1,16,263620,498.19
8163,8163,1,17,294078,764.88
8163,8163,1,18,264459,430.52
8163,8163,1,19,263506,244.93
8163,8163,1,20,263507,670.94
8163,8163,1,21,263508,2617.54
8163,8163,1,22,263509,858.85
8163,8163,1,23,263510,1286.03
8163,8163,1,24,263262,1123.17
8163,8163,1,25,263535,1000.14
8163,8163,1,26,302062,1838.49
8163,8163,1,27,271896,432.51
8163,8163,1,28,264458,580.46
8163,8163,1,29,263492,1807.3
8163,8163,1,30,263512,506.26
8163,8163,1,31,263513,1255.78
8163,8163,1,32,263514,1018.5
8163,8163,1,33,263515,2316.33
8163,8163,1,34,263516,728.78
8163,8163,1,35,264457,311.67
8163,8163,1,36,263517,715.19
8163,8163,1,37,263261,877.1
8163,8163,1,38,263518,706.27
8163,8163,1,39,263519,516.69
8163,8163,1,40,150975,921.94
8163,8163,1,41,155386,1861.54
8163,8163,1,42,263520,906.28
8163,8163,1,43,263521,1521.13
8163,8163,1,44,92798,1573.49
8163,8163,1,45,155390,1926.01
8163,8163,1,46,263259,195.94
8163,8163,1,47,263258,826.53
8163,8163,1,48,98549,354.43
8163,8163,1,49,271711,474.71
8163,8163,1,50,92663,663.44
8163,8163,1,51,263522,645.75
8163,8163,1,52,263256,1082.42
8163,8163,1,53,263255,789.6
8163,8163,1,54,155253,736.3
8163,8163,1,55,263523,852.04
8163,8163,1,56,92657,1444.55
8163,8163,1,57,282500,880.1
8163,8163,1,58,92655,469
8163,8163,1,59,278138,563.33
8163,8163,1,60,92653,231.44
8163,8163,1,61,263252,473.08
8163,8163,1,62,311235,451.75
8163,8163,1,63,92651,482.08
8163,8163,1,64,96110,548.94
8163,8163,1,65,238732,194.3
8163,8163,1,66,96108,400.82
8163,8163,1,67,96433,477.43
8163,8163,1,68,275474,217.77
8163,8163,1,69,135427,666.52
8163,8163,1,70,96903,430.25
8163,8163,1,71,190394,334.81
8163,8163A,1,1,276042,
8163,8163A,1,2,263495,263.3
8163,8163A,1,3,263494,367.86
8163,8163A,1,4,263500,1248.13
8163,8163A,1,5,263501,1957.93
8163,8163A,1,6,263502,1351.6
8163,8163A,1,7,307540,1596.28
8163,8163A,1,8,263565,500.8
8163,8163A,1,9,263503,1715.14
8163,8163A,1,10,264461,963.71
8163,8163A,1,11,263493,552.33
8163,8163A,1,12,263504,553.38
8163,8163A,1,13,263618,957.28
8163,8163A,1,14,264460,880.08
8163,8163A,1,15,263505,1646.41
8163,8163A,1,16,263620,498.02
8163,8163A,1,17,294078,765.46
8163,8163A,1,18,264459,430.58
8163,8163A,1,19,263506,244.93
8163,8163A,1,20,263507,671.01
8163,8163A,1,21,263508,2618.29
8163,8163A,1,22,263509,858.6
8163,8163A,1,23,263510,1286.56
8163,8163A,1,24,304552,1533.77
8163,8163A,1,25,304554,781.82
8163,8163A,1,26,304553,774.57
8163,8163A,1,27,263262,2579.49
8163,8163A,1,28,263535,1000.25
8163,8163A,1,29,302062,1839.86
8163,8163A,1,30,271896,432.47
8163,8163A,1,31,264458,583.22
8163,8163A,1,32,263492,1806.78
8163,8163A,1,33,263512,506.75
8163,8163A,1,34,263513,1254.37
8163,8163A,1,35,263514,1027.84
8163,8163A,1,36,263515,2317
8163,8163A,1,37,263516,729.03
8163,8163A,1,38,264457,311.64
8163,8163A,1,39,263517,715.45
8163,8163A,1,40,263261,895.83
8163,8163A,1,41,263518,714.9
8163,8163A,1,42,263519,525.26
8163,8163A,1,43,150975,931.18
8163,8163A,1,44,155386,1898.65
8163,8163A,1,45,263520,923.77
8163,8163A,1,46,263521,1524.84
8163,8163A,1,47,92798,1597.53
8163,8163A,1,48,155390,1939.14
8163,8163A,1,49,263259,196.01
8163,8163A,1,50,263258,826.85
8163,8163A,1,51,98549,354.34
8163,8163A,1,52,271711,474.76
8163,8163A,1,53,92663,663.5
8163,8163A,1,54,263522,645.92
8163,8163A,1,55,263256,1083.05
8163,8163A,1,56,263255,799.56
8163,8163A,1,57,155253,740.16
8163,8163A,1,58,263523,852.06
8163,8163A,1,59,92657,1445
8163,8163A,1,60,282500,880.11
8163,8163A,1,61,92655,469.13
8163,8163A,1,62,278138,563.23
8163,8163A,1,63,92653,231.44
8163,8163A,1,64,263252,473.08
8163,8163A,1,65,311235,451.75
8163,8163A,1,66,92651,482.08
8163,8163A,1,67,96110,548.94
8163,8163A,1,68,238732,194.24
8163,8163A,1,69,96108,401.75
8163,8163A,1,70,96433,476.98
8163,8163A,1,71,275474,218.31
8163,8163A,1,72,135427,666.23
8163,8163A,1,73,96903,430.25
8163,8163A,1,74,190394,323.51
8163,8163B,1,1,276042,
8163,8163B,1,2,263495,263.41
8163,8163B,1,3,263494,367.58
8163,8163B,1,4,263500,1247.08
8163,8163B,1,5,263501,1957.32
8163,8163B,1,6,263502,1351.3
8163,8163B,1,7,307540,1596.28
8163,8163B,1,8,263565,500.8
8163,8163B,1,9,263503,1712.05
8163,8163B,1,10,264461,963.07
8163,8163B,1,11,263493,552.04
8163,8163B,1,12,263504,552.78
8163,8163B,1,13,263618,956.83
8163,8163B,1,14,264460,879.98
8163,8163B,1,15,263505,1646.24
8163,8163B,1,16,263620,498.19
8163,8163B,1,17,294078,764.88
8163,8163B,1,18,264459,430.52
8163,8163B,1,19,263506,244.93
8163,8163B,1,20,263507,670.94
8163,8163B,1,21,263508,2617.54
8163,8163B,1,22,263509,858.85
8163,8163B,1,23,263510,1286.03
8163,8163B,1,24,263262,1123.17
8163,8163B,1,25,263535,1000.14
8163,8163B,1,26,302062,1838.49
8163,8163B,1,27,271896,432.9
8163,8163B,1,28,264458,578.53
8163,8163B,1,29,263492,1806.93
8163,8163B,1,30,263512,506.26
8163,8163B,1,31,263513,1255.78
8163,8163B,1,32,263514,1018.5
8163,8163B,1,33,263515,2316.33
8163,8163B,1,34,263516,728.78
8163,8163B,1,35,264457,311.67
8163,8163B,1,36,263517,715.19
8163,8163B,1,37,263261,877.1
8163,8163B,1,38,263518,706.27
8163,8163B,1,39,263519,516.69
8163,8163B,1,40,150975,921.94
8163,8163B,1,41,155386,1861.54
8163,8163B,1,42,263520,906.28
8163,8163B,1,43,263521,1521.13
8163,8163B,1,44,92798,1573.49
8163,8163B,1,45,155390,1926.01
8163,8163B,1,46,263259,195.94
8163,8163B,1,47,263258,826.53
8163,8163B,1,48,98549,354.43
8163,8163B,1,49,271711,474.71
8163,8163B,1,50,92663,663.44
8163,8163B,1,51,263522,645.75
8163,8163B,1,52,263256,1082.42
8163,8163B,1,53,263255,789.6
8163,8163B,1,54,155253,736.3
8163,8163B,1,55,263523,852.04
8163,8163B,1,56,92657,1444.55
8163,8163B,1,57,282500,880.1
8163,8163B,1,58,92655,469.17
8163,8163B,1,59,278138,563.24
8163,8163B,1,60,92653,231.44
8163,8163B,1,61,263252,473.08
8163,8163B,1,62,311235,451.75
8163,8163B,1,63,92651,482.08
8163,8163B,1,64,96110,548.94
8163,8163B,1,65,238732,194.3
8163,8163B,1,66,96108,400.82
8163,8163B,1,67,96433,477.43
8163,8163B,1,68,309020,590.67
8163,8163B,1,69,135427,1098.81
8163,8163B,1,70,96903,430.25
8163,8163B,1,71,190394,335.77
8163,8163B,1,72,97086,809.32
8163,8163B,1,73,309022,744.52
8165,8165,0,1,297077,
8165,8165,0,2,96102,868.68
8165,8165,0,3,96103,397.83
8165,8165,0,4,92645,698.37
8165,8165,0,5,275475,221.27
8165,8165,0,6,96431,472.97
8165,8165,0,7,238991,374.53
8165,8165,0,8,92650,214.34
8165,8165,0,9,242597,571.27
8165,8165,0,10,311234,473.51
8165,8165,0,11,92652,443.28
8165,8165,0,12,98714,472.26
8165,8165,0,13,92654,253.59
8165,8165,0,14,136483,555.26
8165,8165,0,15,282788,507.09
8165,8165,0,16,150902,823.68
8165,8165,0,17,98551,1384.64
8165,8165,0,18,136484,920.88
8165,8165,0,19,92660,731.92
8165,8165,0,20,92661,831.42
8165,8165,0,21,98550,1009.3
8165,8165,0,22,150908,694.47
8165,8165,0,23,92664,642.38
8165,8165,0,24,293534,474.83
8165,8165,0,25,92666,355.27
8165,8165,0,26,92667,859.24
8165,8165,0,27,146548,204.63
8165,8165,0,28,150914,1898.42
8165,8165,0,29,98548,1589.72
8165,8165,0,30,98547,1507.77
8165,8165,0,31,184981,928.23
8165,8165,0,32,93248,1844.51
8165,8165,0,33,98546,949.6
8165,8165,0,34,98545,535.94
8165,8165,0,35,93251,600.44
8165,8165,0,36,98544,962.69
8165,8165,0,37,136477,713.22
8165,8165,0,38,98543,305.03
8165,8165,0,39,98542,733.76
8165,8165,0,40,307379,2649.9
8165,8165,0,41,273186,1804.71
8165,8165,0,42,150927,357.96
8165,8165,0,43,273188,551.44
8165,8165,0,44,150928,1410.09
8165,8165,0,45,150929,614.02
8165,8165,0,46,275469,1846.65
8165,8165,0,47,93261,981.43
8165,8165,0,48,280311,1113.46
8165,8165,0,49,98536,1273.9
8165,8165,0,50,98535,879.19
8165,8165,0,51,98534,2614.89
8165,8165,0,52,98533,681.97
8165,8165,0,53,136480,240.49
8165,8165,0,54,294077,424.2
8165,8165,0,55,99348,759.93
8165,8165,0,56,98531,487.87
8165,8165,0,57,136481,1658.88
8165,8165,0,58,99346,867.66
8165,8165,0,59,150942,1389.41
8165,8165,0,60,304215,2303.8
8165,8165,0,61,150943,462.67
8165,8165,0,62,150944,625.09
8165,8165,0,63,98516,1424.15
8165,8165,0,64,98850,363
8165,8165,0,65,98517,274.57
8165,8165,1,1,276042,
8165,8165,1,2,263495,263.41
8165,8165,1,3,263494,367.58
8165,8165,1,4,150949,1435
8165,8165,1,5,150950,624.01
8165,8165,1,6,304216,490.22
8165,8165,1,7,150951,2284.26
8165,8165,1,8,263618,1368.63
8165,8165,1,9,264460,879.98
8165,8165,1,10,263505,1646.24
8165,8165,1,11,263620,498.19
8165,8165,1,12,294078,764.88
8165,8165,1,13,264459,430.52
8165,8165,1,14,263506,244.93
8165,8165,1,15,263507,670.94
8165,8165,1,16,263508,2617.54
8165,8165,1,17,263509,858.85
8165,8165,1,18,263510,1286.03
8165,8165,1,19,263262,1123.17
8165,8165,1,20,263535,1000.14
8165,8165,1,21,150964,1827.64
8165,8165,1,22,150965,582.5
8165,8165,1,23,273189,1436.53
8165,8165,1,24,150966,558.35
8165,8165,1,25,276785,349.22
8165,8165,1,26,307380,1810.29
8165,8165,1,27,263515,2644.16
8165,8165,1,28,263516,729.73
8165,8165,1,29,264457,311.7
8165,8165,1,30,263517,715.45
8165,8165,1,31,263261,879.87
8165,8165,1,32,263518,704.27
8165,8165,1,33,263519,516.74
8165,8165,1,34,150975,922.02
8165,8165,1,35,155386,1863.4
8165,8165,1,36,263520,909.53
8165,8165,1,37,263521,1522.66
8165,8165,1,38,92798,1575.06
8165,8165,1,39,155390,1927.48
8165,8165,1,40,263259,195.94
8165,8165,1,41,263258,826.53
8165,8165,1,42,98549,354.43
8165,8165,1,43,271711,474.71
8165,8165,1,44,92663,663.44
8165,8165,1,45,263522,645.75
8165,8165,1,46,263256,1082.42
8165,8165,1,47,263255,789.82
8165,8165,1,48,155253,736.63
8165,8165,1,49,263523,852.04
8165,8165,1,50,92657,1444.55
8165,8165,1,51,282500,880.1
8165,8165,1,52,92655,469.04
8165,8165,1,53,278138,563.29
8165,8165,1,54,92653,231.44
8165,8165,1,55,263252,473.08
8165,8165,1,56,311235,451.75
8165,8165,1,57,92651,482.08
8165,8165,1,58,96110,549
8165,8165,1,59,238732,194.09
8165,8165,1,60,96108,400.82
8165,8165,1,61,96433,477.43
8165,8165,1,62,275474,217.77
8165,8165,1,63,135427,666.52
8165,8165,1,64,96903,430.24
8165,8165,1,65,190394,336.1
8165,8165A,0,1,297077,
8165,8165A,0,2,96102,986.18
8165,8165A,0,3,96103,442.85
8165,8165A,0,4,92645,707.1
8165,8165A,0,5,275475,221.27
8165,8165A,0,6,96431,472.97
8165,8165A,0,7,238991,374.53
8165,8165A,0,8,92650,214.34
8165,8165A,0,9,242597,571.27
8165,8165A,0,10,311234,473.51
8165,8165A,0,11,92652,443.28
8165,8165A,0,12,98714,472.26
8165,8165A,0,13,92654,253.57
8165,8165A,0,14,136483,555.28
8165,8165A,0,15,282788,507.13
8165,8165A,0,16,150902,823.3
8165,8165A,0,17,98551,1385.46
8165,8165A,0,18,136484,920.83
8165,8165A,0,19,92660,733.89
8165,8165A,0,20,92661,830.98
8165,8165A,0,21,98550,1009.3
8165,8165A,0,22,150908,702.64
8165,8165A,0,23,92664,652.2
8165,8165A,0,24,293534,474.83
8165,8165A,0,25,92666,372.15
8165,8165A,0,26,92667,864.58
8165,8165A,0,27,146548,212.36
8165,8165A,0,28,150914,1923.38
8165,8165A,0,29,98548,1617
8165,8165A,0,30,98547,1508.19
8165,8165A,0,31,184981,930.51
8165,8165A,0,32,93248,1853.03
8165,8165A,0,33,98546,934.61
8165,8165A,0,34,98545,536.08
8165,8165A,0,35,93251,600.14
8165,8165A,0,36,98544,962.91
8165,8165A,0,37,136477,714
8165,8165A,0,38,98543,305.13
8165,8165A,0,39,98542,734.16
8165,8165A,0,40,307379,2649.81
8165,8165A,0,41,273186,1804.67
8165,8165A,0,42,150927,358.33
8165,8165A,0,43,273188,551.7
8165,8165A,0,44,150928,1410
8165,8165A,0,45,150929,614
8165,8165A,0,46,275469,1847.17
8165,8165A,0,47,93261,981.34
8165,8165A,0,48,304552,2563.7
8165,8165A,0,49,304554,781.93
8165,8165A,0,50,304553,774.57
8165,8165A,0,51,280311,1539.65
8165,8165A,0,52,98536,1274.19
8165,8165A,0,53,98535,879.84
8165,8165A,0,54,98534,2615.72
8165,8165A,0,55,98533,681.49
8165,8165A,0,56,136480,240.7
8165,8165A,0,57,294077,423.99
8165,8165A,0,58,99348,759.93
8165,8165A,0,59,98531,487.98
8165,8165A,0,60,136481,1659.14
8165,8165A,0,61,99346,867.44
8165,8165A,0,62,150942,1390.36
8165,8165A,0,63,304215,2304.08
8165,8165A,0,64,150943,462.39
8165,8165A,0,65,150944,625.23
8165,8165A,0,66,98516,1424.73
8165,8165A,0,67,98850,362.38
8165,8165A,0,68,98517,273.92
8165,8165A,1,1,276042,
8165,8165A,1,2,263495,263.3
8165,8165A,1,3,263494,367.86
8165,8165A,1,4,150949,1435.27
8165,8165A,1,5,150950,624.07
8165,8165A,1,6,304216,490.22
8165,8165A,1,7,150951,2284.3
8165,8165A,1,8,263618,1369.19
8165,8165A,1,9,264460,880.08
8165,8165A,1,10,263505,1646.41
8165,8165A,1,11,263620,498.02
8165,8165A,1,12,294078,765.46
8165,8165A,1,13,264459,430.58
8165,8165A,1,14,263506,244.93
8165,8165A,1,15,263507,671.01
8165,8165A,1,16,263508,2618.29
8165,8165A,1,17,263509,858.6
8165,8165A,1,18,263510,1286.56
8165,8165A,1,19,304552,1533.66
8165,8165A,1,20,304554,781.93
8165,8165A,1,21,304553,774.57
8165,8165A,1,22,263262,2579.51
8165,8165A,1,23,263535,1000.25
8165,8165A,1,24,150964,2700.66
8165,8165A,1,25,150965,582.58
8165,8165A,1,26,273189,1446.11
8165,8165A,1,27,150966,561.28
8165,8165A,1,28,276785,349.22
8165,8165A,1,29,307380,1810.29
8165,8165A,1,30,263515,2644.16
8165,8165A,1,31,263516,729.03
8165,8165A,1,32,264457,311.64
8165,8165A,1,33,263517,715.45
8165,8165A,1,34,263261,895.83
8165,8165A,1,35,263518,714.9
8165,8165A,1,36,263519,525.26
8165,8165A,1,37,150975,931.18
8165,8165A,1,38,155386,1898.65
8165,8165A,1,39,263520,923.77
8165,8165A,1,40,263521,1524.84
8165,8165A,1,41,92798,1597.53
8165,8165A,1,42,155390,1939.14
8165,8165A,1,43,263259,196.01
8165,8165A,1,44,263258,826.85
8165,8165A,1,45,98549,354.34
8165,8165A,1,46,271711,474.76
8165,8165A,1,47,92663,663.5
8165,8165A,1,48,263522,645.92
8165,8165A,1,49,263256,1083.05
8165,8165A,1,50,263255,799.56
8165,8165A,1,51,155253,740.16
8165,8165A,1,52,263523,852.06
8165,8165A,1,53,92657,1445
8165,8165A,1,54,282500,880.11
8165,8165A,1,55,92655,469.17
8165,8165A,1,56,278138,563.14
8165,8165A,1,57,92653,231.54
8165,8165A,1,58,263252,473.08
8165,8165A,1,59,311235,451.75
8165,8165A,1,60,92651,482.08
8165,8165A,1,61,96110,548.94
8165,8165A,1,62,238732,194.24
8165,8165A,1,63,96108,401.75
8165,8165A,1,64,96433,476.98
8165,8165A,1,65,275474,218.31
8165,8165A,1,66,135427,666.23
8165,8165A,1,67,96903,430.25
8165,8165A,1,68,190394,335.81
8166,8166,0,1,297077,
8166,8166,0,2,96102,986.18
8166,8166,0,3,96103,398.15
8166,8166,0,4,92645,698.05
8166,8166,0,5,275475,221.27
8166,8166,0,6,96431,472.97
8166,8166,0,7,238991,374.53
8166,8166,0,8,92650,214.34
8166,8166,0,9,242597,571.27
8166,8166,0,10,311234,474.92
8166,8166,0,11,92652,443.71
8166,8166,0,12,98714,472.26
8166,8166,0,13,92654,253.57
8166,8166,0,14,136483,555.28
8166,8166,0,15,282788,507.09
8166,8166,0,16,150902,823.68
8166,8166,0,17,98551,1384.64
8166,8166,0,18,136484,920.88
8166,8166,0,19,92660,733.65
8166,8166,0,20,92661,831.61
8166,8166,0,21,98550,1009.22
8166,8166,0,22,150908,694.38
8166,8166,0,23,92664,642.38
8166,8166,0,24,293534,474.83
8166,8166,0,25,92666,355.27
8166,8166,0,26,92667,859.24
8166,8166,0,27,146548,204.63
8166,8166,0,28,150914,1900.1
8166,8166,0,29,98548,1590.28
8166,8166,0,30,98547,1508.55
8166,8166,0,31,184981,928.23
8166,8166,0,32,93248,1844.39
8166,8166,0,33,98546,949.63
8166,8166,0,34,98545,535.94
8166,8166,0,35,93251,600.39
8166,8166,0,36,98544,962.73
8166,8166,0,37,136477,713.22
8166,8166,0,38,98543,305.03
8166,8166,0,39,98542,733.76
8166,8166,0,40,307379,2649.9
8166,8166,0,41,273186,1804.71
8166,8166,0,42,150927,357.96
8166,8166,0,43,273188,551.44
8166,8166,0,44,150928,1410.09
8166,8166,0,45,150929,614.02
8166,8166,0,46,275469,1846.65
8166,8166,0,47,93261,981.43
8166,8166,0,48,280311,1113.46
8166,8166,0,49,98536,1273.9
8166,8166,0,50,98535,879.19
8166,8166,0,51,98534,2614.89
8166,8166,0,52,98533,681.97
8166,8166,0,53,136480,240.49
8166,8166,0,54,294077,424.2
8166,8166,0,55,99348,759.93
8166,8166,0,56,98531,487.87
8166,8166,0,57,136481,1658.88
8166,8166,0,58,99346,867.66
8166,8166,0,59,98529,943.54
8166,8166,0,60,98509,570.28
8166,8166,0,61,136482,542.6
8166,8166,0,62,98528,955.02
8166,8166,0,63,98922,1711.28
8166,8166,0,64,307539,495.84
8166,8166,0,65,98527,1553.6
8166,8166,0,66,98526,1388.79
8166,8166,0,67,98525,1949.98
8166,8166,0,68,98516,1257.35
8166,8166,0,69,98850,362.77
8166,8166,0,70,98517,275
8166,8166,1,1,276042,
8166,8166,1,2,263495,263.41
8166,8166,1,3,263494,367.58
8166,8166,1,4,263500,1247.08
8166,8166,1,5,263501,1957.32
8166,8166,1,6,263502,1351.3
8166,8166,1,7,307540,1596.28
8166,8166,1,8,263565,500.8
8166,8166,1,9,263503,1712.05
8166,8166,1,10,264461,963.07
8166,8166,1,11,263493,552.04
8166,8166,1,12,263504,552.78
8166,8166,1,13,263618,956.83
8166,8166,1,14,264460,879.98
8166,8166,1,15,263505,1646.24
8166,8166,1,16,263620,498.19
8166,8166,1,17,294078,764.88
8166,8166,1,18,264459,430.52
8166,8166,1,19,263506,244.93
8166,8166,1,20,263507,670.94
8166,8166,1,21,263508,2617.54
8166,8166,1,22,263509,858.85
8166,8166,1,23,263510,1286.03
8166,8166,1,24,263262,1123.17
8166,8166,1,25,263535,1000.14
8166,8166,1,26,150964,1827.64
8166,8166,1,27,150965,582.5
8166,8166,1,28,273189,1436.37
8166,8166,1,29,150966,558.51
8166,8166,1,30,276785,349.01
8166,8166,1,31,307380,1810.49
8166,8166,1,32,263515,2644.16
8166,8166,1,33,263516,729.73
8166,8166,1,34,264457,311.7
8166,8166,1,35,263517,715.45
8166,8166,1,36,263261,877.38
8166,8166,1,37,263518,706.7
8166,8166,1,38,263519,516.74
8166,8166,1,39,150975,922.02
8166,8166,1,40,155386,1863.4
8166,8166,1,41,263520,909.5
8166,8166,1,42,263521,1522.65
8166,8166,1,43,92798,1574.64
8166,8166,1,44,155390,1927.92
8166,8166,1,45,263259,195.94
8166,8166,1,46,263258,826.53
8166,8166,1,47,98549,354.43
8166,8166,1,48,271711,474.71
8166,8166,1,49,92663,663.44
8166,8166,1,50,263522,645.75
8166,8166,1,51,263256,1082.42
8166,8166,1,52,263255,789.82
8166,8166,1,53,155253,736.63
8166,8166,1,54,263523,852.04
8166,8166,1,55,92657,1444.55
8166,8166,1,56,282500,880.1
8166,8166,1,57,92655,469.17
8166,8166,1,58,278138,563.16
8166,8166,1,59,92653,231.51
8166,8166,1,60,263252,473.08
8166,8166,1,61,311235,451.75
8166,8166,1,62,92651,482.08
8166,8166,1,63,96110,549
8166,8166,1,64,238732,194.09
8166,8166,1,65,96108,400.82
8166,8166,1,66,96433,477.43
8166,8166,1,67,275474,217.77
8166,8166,1,68,135427,666.52
8166,8166,1,69,96903,430.2
8166,8166,1,70,190394,335.93
8166,8166A,1,1,276042,
8166,8166A,1,2,263495,263.3
8166,8166A,1,3,263494,367.86
8166,8166A,1,4,263500,1248.13
8166,8166A,1,5,263501,1957.93
8166,8166A,1,6,263502,1351.6
8166,8166A,1,7,307540,1596.28
8166,8166A,1,8,263565,500.8
8166,8166A,1,9,263503,1715.14
8166,8166A,1,10,264461,963.71
8166,8166A,1,11,263493,552.33
8166,8166A,1,12,263504,553.38
8166,8166A,1,13,263618,957.28
8166,8166A,1,14,264460,880.08
8166,8166A,1,15,263505,1646.41
8166,8166A,1,16,263620,498.02
8166,8166A,1,17,294078,765.46
8166,8166A,1,18,264459,430.58
8166,8166A,1,19,263506,244.93
8166,8166A,1,20,263507,671.01
8166,8166A,1,21,263508,2618.29
8166,8166A,1,22,263509,858.6
8166,8166A,1,23,263510,1286.56
8166,8166A,1,24,304552,1533.77
8166,8166A,1,25,304554,781.82
8166,8166A,1,26,304553,774.57
8166,8166A,1,27,263262,2579.51
8166,8166A,1,28,263535,1000.25
8166,8166A,1,29,150964,2700.66
8166,8166A,1,30,150965,582.58
8166,8166A,1,31,273189,1446.11
8166,8166A,1,32,150966,561.28
8166,8166A,1,33,276785,349.22
8166,8166A,1,34,307380,1810.29
8166,8166A,1,35,263515,2644.16
8166,8166A,1,36,263516,729.03
8166,8166A,1,37,264457,311.64
8166,8166A,1,38,263517,715.45
8166,8166A,1,39,263261,895.83
8166,8166A,1,40,263518,714.9
8166,8166A,1,41,263519,525.26
8166,8166A,1,42,150975,931.18
8166,8166A,1,43,155386,1898.65
8166,8166A,1,44,263520,923.77
8166,8166A,1,45,263521,1524.84
8166,8166A,1,46,92798,1597.53
8166,8166A,1,47,155390,1939.14
8166,8166A,1,48,263259,196.01
8166,8166A,1,49,263258,826.85
8166,8166A,1,50,98549,354.34
8166,8166A,1,51,271711,474.76
8166,8166A,1,52,92663,663.5
8166,8166A,1,53,263522,645.92
8166,8166A,1,54,263256,1083.05
8166,8166A,1,55,263255,799.56
8166,8166A,1,56,155253,740.16
8166,8166A,1,57,263523,852.06
8166,8166A,1,58,92657,1445
8166,8166A,1,59,282500,880.11
8166,8166A,1,60,92655,469
8166,8166A,1,61,278138,563.23
8166,8166A,1,62,92653,231.54
8166,8166A,1,63,263252,473.08
8166,8166A,1,64,311235,451.75
8166,8166A,1,65,92651,482.08
8166,8166A,1,66,96110,548.94
8166,8166A,1,67,238732,194.24
8166,8166A,1,68,96108,401.75
8166,8166A,1,69,96433,476.98
8166,8166A,1,70,275474,218.31
8166,8166A,1,71,135427,666.23
8166,8166A,1,72,96903,430.24
8166,8166A,1,73,190394,336.13
8167,8167,0,1,297077,
8167,8167,0,2,96102,974.1
8167,8167,0,3,96103,399.15
8167,8167,0,4,92645,697.04
8167,8167,0,5,275475,221.27
8167,8167,0,6,96431,472.97
8167,8167,0,7,238991,374.53
8167,8167,0,8,92650,214.34
8167,8167,0,9,242597,571.27
8167,8167,0,10,311234,473.51
8167,8167,0,11,92652,443.28
8167,8167,0,12,98714,472.28
8167,8167,0,13,92654,253.61
8167,8167,0,14,136483,555.25
8167,8167,0,15,282788,507.09
8167,8167,0,16,150902,823.68
8167,8167,0,17,98551,1384.64
8167,8167,0,18,136484,920.88
8167,8167,0,19,92660,733.41
8167,8167,0,20,92661,831.15
8167,8167,0,21,98550,1009.44
8167,8167,0,22,150908,693.99
8167,8167,0,23,92664,642.25
8167,8167,0,24,293534,474.87
8167,8167,0,25,92666,355.85
8167,8167,0,26,92667,858.53
8167,8167,0,27,146548,205.43
8167,8167,0,28,150914,1896.94
8167,8167,0,29,98548,1590.22
8167,8167,0,30,98547,1507.2
8167,8167,0,31,184981,928.23
8167,8167,0,32,155212,1476.09
8167,8167,0,33,93248,2079.13
8167,8167,0,34,98546,928.2
8167,8167,0,35,98545,535.94
8167,8167,0,36,93251,600.47
8167,8167,0,37,98544,962.66
8167,8167,0,38,136477,713.22
8167,8167,0,39,98543,305.03
8167,8167,0,40,98542,733.95
8167,8167,0,41,98541,2327.53
8167,8167,0,42,98540,1025.11
8167,8167,0,43,98539,1238.84
8167,8167,0,44,98494,523.86
8167,8167,0,45,136478,1779.37
8167,8167,0,46,271897,610.52
8167,8167,0,47,302061,451.11
8167,8167,0,48,275469,1856.72
8167,8167,0,49,93261,981.43
8167,8167,0,50,280311,1113.46
8167,8167,0,51,98536,1273.9
8167,8167,0,52,98535,879.19
8167,8167,0,53,98534,2614.89
8167,8167,0,54,98533,681.97
8167,8167,0,55,136480,240.31
8167,8167,1,1,264459,
8167,8167,1,2,263506,244.96
8167,8167,1,3,263507,670.91
8167,8167,1,4,263508,2617.54
8167,8167,1,5,263509,858.85
8167,8167,1,6,263510,1286.03
8167,8167,1,7,263262,1123.17
8167,8167,1,8,263535,1000.14
8167,8167,1,9,302062,1838.49
8167,8167,1,10,271896,432.46
8167,8167,1,11,264458,581.17
8167,8167,1,12,263492,1807.45
8167,8167,1,13,263512,506.26
8167,8167,1,14,263513,1255.78
8167,8167,1,15,263514,1018.5
8167,8167,1,16,263515,2316.33
8167,8167,1,17,263516,728.78
8167,8167,1,18,264457,311.67
8167,8167,1,19,263517,715.19
8167,8167,1,20,263261,877.12
8167,8167,1,21,263518,706.25
8167,8167,1,22,263519,516.68
8167,8167,1,23,150975,922.04
8167,8167,1,24,155239,2098.49
8167,8167,1,25,155386,1426.43
8167,8167,1,26,263520,946.17
8167,8167,1,27,263521,1522.52
8167,8167,1,28,92798,1591.52
8167,8167,1,29,155390,1926.22
8167,8167,1,30,263259,195.94
8167,8167,1,31,263258,826.53
8167,8167,1,32,98549,354.43
8167,8167,1,33,271711,474.71
8167,8167,1,34,92663,663.44
8167,8167,1,35,263522,645.75
8167,8167,1,36,263256,1082.42
8167,8167,1,37,263255,789.6
8167,8167,1,38,155253,736.3
8167,8167,1,39,263523,852.04
8167,8167,1,40,92657,1444.55
8167,8167,1,41,282500,880.1
8167,8167,1,42,92655,469
8167,8167,1,43,278138,563.33
8167,8167,1,44,92653,231.44
8167,8167,1,45,263252,473.08
8167,8167,1,46,311235,451.75
8167,8167,1,47,92651,482.08
8167,8167,1,48,96110,549
8167,8167,1,49,238732,194.09
8167,8167,1,50,96108,400.82
8167,8167,1,51,96433,477.43
8167,8167,1,52,275474,217.77
8167,8167,1,53,135427,666.52
8167,8167,1,54,96903,430.25
8167,8167,1,55,190394,333.29
8167,8167A,0,1,297077,
8167,8167A,0,2,96102,983.16
8167,8167A,0,3,96103,398.2
8167,8167A,0,4,92645,697.99
8167,8167A,0,5,275475,221.27
8167,8167A,0,6,96431,472.97
8167,8167A,0,7,238991,374.53
8167,8167A,0,8,92650,214.34
8167,8167A,0,9,242597,571.27
8167,8167A,0,10,311234,473.51
8167,8167A,0,11,92652,443.28
8167,8167A,0,12,98714,472.26
8167,8167A,0,13,92654,253.52
8167,8167A,0,14,136483,555.33
8167,8167A,0,15,282788,507.13
8167,8167A,0,16,150902,823.3
8167,8167A,0,17,98551,1385.46
8167,8167A,0,18,136484,920.83
8167,8167A,0,19,92660,733.89
8167,8167A,0,20,92661,830.98
8167,8167A,0,21,98550,1009.3
8167,8167A,0,22,150908,702.28
8167,8167A,0,23,92664,652.2
8167,8167A,0,24,293534,474.83
8167,8167A,0,25,92666,355.27
8167,8167A,0,26,92667,858.78
8167,8167A,0,27,146548,212.36
8167,8167A,0,28,150914,1923.38
8167,8167A,0,29,98548,1617
8167,8167A,0,30,98547,1509.62
8167,8167A,0,31,184981,929.08
8167,8167A,0,32,155212,1478.4
8167,8167A,0,33,93248,2079.13
8167,8167A,0,34,98546,928.23
8167,8167A,0,35,98545,535.94
8167,8167A,0,36,93251,600.36
8167,8167A,0,37,98544,962.77
8167,8167A,0,38,136477,714
8167,8167A,0,39,98543,305.13
8167,8167A,0,40,98542,734.16
8167,8167A,0,41,98541,2332.68
8167,8167A,0,42,98540,1054.14
8167,8167A,0,43,98539,1253
8167,8167A,0,44,98494,523.74
8167,8167A,0,45,136478,1779.3
8167,8167A,0,46,271897,612.38
8167,8167A,0,47,302061,451.45
8167,8167A,0,48,275469,1858.14
8167,8167A,0,49,93261,981.34
8167,8167A,0,50,304552,2563.81
8167,8167A,0,51,304554,781.53
8167,8167A,0,52,304553,774.86
8167,8167A,0,53,280311,1539.65
8167,8167A,0,54,98536,1274.19
8167,8167A,0,55,98535,879.84
8167,8167A,0,56,98534,2615.72
8167,8167A,0,57,98533,681.49
8167,8167A,0,58,136480,240.26
8167,8167B,0,1,309023,
8167,8167B,0,2,251456,749.69
8167,8167B,0,3,297077,796.28
8167,8167B,0,4,96102,324.87
8167,8167B,0,5,96103,399.15
8167,8167B,0,6,309021,979.28
8167,8167B,0,7,275475,536.66
8167,8167B,0,8,96431,472.97
8167,8167B,0,9,238991,374.53
8167,8167B,0,10,92650,214.34
8167,8167B,0,11,242597,571.27
8167,8167B,0,12,311234,473.51
8167,8167B,0,13,92652,443.28
8167,8167B,0,14,98714,472.28
8167,8167B,0,15,92654,253.52
8167,8167B,0,16,136483,555.33
8167,8167B,0,17,282788,507.09
8167,8167B,0,18,150902,823.68
8167,8167B,0,19,98551,1384.64
8167,8167B,0,20,136484,920.88
8167,8167B,0,21,92660,733.41
8167,8167B,0,22,92661,831.15
8167,8167B,0,23,98550,1009.44
8167,8167B,0,24,150908,693.99
8167,8167B,0,25,92664,642.25
8167,8167B,0,26,293534,474.87
8167,8167B,0,27,92666,355.85
8167,8167B,0,28,92667,858.53
8167,8167B,0,29,146548,205.43
8167,8167B,0,30,150914,1896.94
8167,8167B,0,31,98548,1590.22
8167,8167B,0,32,98547,1507.2
8167,8167B,0,33,184981,928.23
8167,8167B,0,34,155212,1476.09
8167,8167B,0,35,93248,2079.13
8167,8167B,0,36,98546,928.2
8167,8167B,0,37,98545,535.94
8167,8167B,0,38,93251,600.44
8167,8167B,0,39,98544,962.69
8167,8167B,0,40,136477,713.22
8167,8167B,0,41,98543,305.03
8167,8167B,0,42,98542,733.95
8167,8167B,0,43,98541,2327.53
8167,8167B,0,44,98540,1025.11
8167,8167B,0,45,98539,1237.04
8167,8167B,0,46,98494,523.63
8167,8167B,0,47,136478,1779.37
8167,8167B,0,48,271897,610.83
8167,8167B,0,49,302061,451.52
8167,8167B,0,50,275469,1856.72
8167,8167B,0,51,93261,981.43
8167,8167B,0,52,280311,1113.46
8167,8167B,0,53,98536,1273.9
8167,8167B,0,54,98535,879.19
8167,8167B,0,55,98534,2614.89
8167,8167B,0,56,98533,681.97
8167,8167B,0,57,136480,240.31
8168,8168,0,1,297077,
8168,8168,0,2,96102,978.63
8168,8168,0,3,96103,397.82
8168,8168,0,4,92645,698.37
8168,8168,0,5,275475,221.27
8168,8168,0,6,96431,472.97
8168,8168,0,7,238991,374.53
8168,8168,0,8,92650,214.34
8168,8168,0,9,242597,571.27
8168,8168,0,10,311234,473.51
8168,8168,0,11,92652,443.28
8168,8168,0,12,98714,472.26
8168,8168,0,13,92654,253.52
8168,8168,0,14,136483,555.33
8168,8168,0,15,282788,507.09
8168,8168,0,16,150902,823.68
8168,8168,0,17,98551,1384.64
8168,8168,0,18,136484,920.88
8168,8168,0,19,92660,731.92
8168,8168,0,20,92661,831.42
8168,8168,0,21,98550,1009.3
8168,8168,0,22,150908,694.38
8168,8168,0,23,92664,642.38
8168,8168,0,24,293534,474.83
8168,8168,0,25,92666,355.27
8168,8168,0,26,92667,858.78
8168,8168,0,27,146548,204.93
8168,8168,0,28,150914,1899.34
8168,8168,0,29,98548,1604.75
8168,8168,0,30,98547,1508.2
8168,8168,0,31,184981,930.51
8168,8168,0,32,155212,1476.02
8168,8168,0,33,93248,2078.05
8168,8168,0,34,98546,928.02
8168,8168,0,35,98545,535.94
8168,8168,0,36,93251,600.44
8168,8168,0,37,98544,962.69
8168,8168,0,38,136477,713.97
8168,8168,0,39,98543,305.03
8168,8168,0,40,98542,734.91
8168,8168,0,41,293833,1879.35
8168,8168,0,42,155222,1054.37
8168,8168,0,43,155223,417.35
8168,8168,0,44,155224,528.99
8168,8168,0,45,308361,572.03
8168,8168,0,46,155225,576.33
8168,8168,1,1,155226,
8168,8168,1,2,308362,566.26
8168,8168,1,3,155227,596.34
8168,8168,1,4,238780,509.5
8168,8168,1,5,155229,395.8
8168,8168,1,6,293834,1066.47
8168,8168,1,7,263515,1862.03
8168,8168,1,8,263516,729.79
8168,8168,1,9,264457,311.64
8168,8168,1,10,263517,715.19
8168,8168,1,11,263261,877.12
8168,8168,1,12,263518,706.25
8168,8168,1,13,263519,516.69
8168,8168,1,14,150975,922.12
8168,8168,1,15,155239,2098.4
8168,8168,1,16,155386,1426.43
8168,8168,1,17,263520,946.17
8168,8168,1,18,263521,1521.08
8168,8168,1,19,92798,1573.49
8168,8168,1,20,155390,1926.01
8168,8168,1,21,263259,195.94
8168,8168,1,22,263258,826.53
8168,8168,1,23,98549,354.43
8168,8168,1,24,271711,474.71
8168,8168,1,25,92663,663.44
8168,8168,1,26,263522,645.75
8168,8168,1,27,263256,1082.42
8168,8168,1,28,263255,789.6
8168,8168,1,29,155253,736.26
8168,8168,1,30,263523,852.12
8168,8168,1,31,92657,1444.55
8168,8168,1,32,282500,880.1
8168,8168,1,33,92655,469.17
8168,8168,1,34,278138,563.24
8168,8168,1,35,92653,231.44
8168,8168,1,36,263252,473.08
8168,8168,1,37,311235,451.6
8168,8168,1,38,92651,482.13
8168,8168,1,39,96110,549.08
8168,8168,1,40,238732,193.33
8168,8168,1,41,96108,401.39
8168,8168,1,42,96433,476.03
8168,8168,1,43,275474,218.21
8168,8168,1,44,135427,665.63
8168,8168,1,45,96903,430.08
8168,8168,1,46,190394,335.85
8168,8168A,0,1,297077,
8168,8168A,0,2,293957,427.83
8168,8168A,0,3,305215,3272.35
8168,8168A,0,4,294011,3256.03
8168,8168A,0,5,294012,2579.78
8168,8168A,0,6,294019,11583.58
8168,8168A,0,7,294025,8572.9
8168,8168A,0,8,294037,7428.6
8168,8168A,0,9,294035,1566.91
8168,8168A,0,10,294026,5553.94
8168,8168A,0,11,294011,17157.17
8168,8168A,0,12,306078,2992.79
8168,8168A,0,13,293951,3296.68
8168,8168A,0,14,190394,441.32
8170,8170,0,1,297077,
8170,8170,0,2,96102,983.16
8170,8170,0,3,96103,398.26
8170,8170,0,4,92645,697.93
8170,8170,0,5,275475,221.27
8170,8170,0,6,96431,472.97
8170,8170,0,7,238991,371.1
8170,8170,0,8,92650,218.83
8170,8170,0,9,242597,573.6
8170,8170,0,10,311234,473.51
8170,8170,0,11,92652,443.28
8170,8170,0,12,98714,472.28
8170,8170,0,13,92654,253.52
8170,8170,0,14,136483,555.33
8170,8170,0,15,282788,507.13
8170,8170,0,16,150902,823.68
8170,8170,0,17,98551,1384.64
8170,8170,0,18,136484,920.88
8170,8170,0,19,92660,733.64
8170,8170,0,20,92661,831.53
8170,8170,0,21,98550,1009.31
8170,8170,0,22,150908,694.38
8170,8170,0,23,92664,642.38
8170,8170,0,24,293534,474.83
8170,8170,0,25,92666,355.27
8170,8170,0,26,92667,859.18
8170,8170,0,27,146548,204.69
8170,8170,0,28,150914,1899.33
8170,8170,0,29,98548,1590.9
8170,8170,0,30,98547,1508.64
8170,8170,0,31,184981,928.23
8170,8170,0,32,93248,1844.39
8170,8170,0,33,98546,949.63
8170,8170,0,34,98545,535.94
8170,8170,0,35,93251,600.37
8170,8170,0,36,98544,962.75
8170,8170,0,37,136477,712.97
8170,8170A,1,1,264457,
8170,8170A,1,2,263517,714.99
8170,8170A,1,3,263261,877.12
8170,8170A,1,4,263518,706.25
8170,8170A,1,5,263519,516.68
8170,8170A,1,6,150975,921.95
8170,8170A,1,7,155386,1861.54
8170,8170A,1,8,263520,906.28
8170,8170A,1,9,263521,1521.13
8170,8170A,1,10,92798,1573.49
8170,8170A,1,11,155390,1926.01
8170,8170A,1,12,263259,195.94
8170,8170A,1,13,263258,826.53
8170,8170A,1,14,98549,354.43
8170,8170A,1,15,271711,474.71
8170,8170A,1,16,92663,663.44
8170,8170A,1,17,263522,645.75
8170,8170A,1,18,263256,1082.42
8170,8170A,1,19,263255,789.6
8170,8170A,1,20,155253,736.26
8170,8170A,1,21,263523,852.12
8170,8170A,1,22,92657,1444.55
8170,8170A,1,23,282500,880.1
8170,8170A,1,24,92655,469
8170,8170A,1,25,278138,563.33
8170,8170A,1,26,92653,231.44
8170,8170A,1,27,263252,473.08
8170,8170A,1,28,311235,451.75
8170,8170A,1,29,92651,482.08
8170,8170A,1,30,96110,549
8170,8170A,1,31,238732,194.09
8170,8170A,1,32,96108,400.82
8170,8170A,1,33,96433,477.43
8170,8170A,1,34,294107,654.58
8170,8170A,1,35,251456,1434.09
8170,8170A,1,36,294108,1940.49
8170,8170B,0,1,294105,
8170,8170B,0,2,92652,3735.65
8170,8170B,0,3,98714,480.73
8170,8170B,0,4,92654,262.96
8170,8170B,0,5,136483,555.33
8170,8170B,0,6,282788,507.09
8170,8170B,0,7,150902,823.68
8170,8170B,0,8,98551,1384.64
8170,8170B,0,9,136484,920.88
8170,8170B,0,10,92660,733.39
8170,8170B,0,11,92661,831.29
8170,8170B,0,12,98550,1009.44
8170,8170B,0,13,150908,693.99
8170,8170B,0,14,92664,642.24
8170,8170B,0,15,293534,474.87
8170,8170B,0,16,92666,355.83
8170,8170B,0,17,92667,858.59
8170,8170B,0,18,146548,205.42
8170,8170B,0,19,150914,1896.92
8170,8170B,0,20,98548,1590.07
8170,8170B,0,21,98547,1507.37
8170,8170B,0,22,184981,929.08
8170,8170B,0,23,93248,1861.12
8170,8170B,0,24,98546,928.21
8170,8170B,0,25,98545,535.94
8170,8170B,0,26,93251,600.41
8170,8170B,0,27,98544,962.71
8170,8170B,0,28,136477,713.72
8171,8171,0,1,297077,
8171,8171,0,2,96102,980.14
8171,8171,0,3,96103,397.83
8171,8171,0,4,92645,698.37
8171,8171,0,5,275475,221.27
8171,8171,0,6,96431,472.97
8171,8171,0,7,238991,374.53
8171,8171,0,8,92650,214.34
8171,8171,0,9,242597,571.27
8171,8171,0,10,311234,473.51
8171,8171,0,11,92652,443.28
8171,8171,0,12,98714,472.26
8171,8171,0,13,92654,253.61
8171,8171,0,14,136483,555.25
8171,8171,0,15,282788,507.09
8171,8171,0,16,150902,823.3
8171,8171,0,17,98551,1385.09
8171,8171,0,18,136484,920.88
8171,8171,0,19,92660,731.92
8171,8171,0,20,92661,831.27
8171,8171,0,21,98550,1009.46
8171,8171,0,22,150908,694.38
8171,8171,0,23,92664,642.38
8171,8171,0,24,293534,474.83
8171,8171,0,25,92666,355.27
8171,8171,0,26,92667,859.16
8171,8171,0,27,146548,203.44
8171,8171,1,1,155390,
8171,8171,1,2,263259,195.94
8171,8171,1,3,263258,826.53
8171,8171,1,4,98549,354.43
8171,8171,1,5,271711,474.71
8171,8171,1,6,92663,663.44
8171,8171,1,7,263522,645.75
8171,8171,1,8,263256,1082.42
8171,8171,1,9,263255,789.82
8171,8171,1,10,155253,736.63
8171,8171,1,11,263523,852.04
8171,8171,1,12,92657,1444.55
8171,8171,1,13,282500,880.1
8171,8171,1,14,92655,469
8171,8171,1,15,278138,563.25
8171,8171,1,16,92653,231.51
8171,8171,1,17,263252,473.08
8171,8171,1,18,311235,451.75
8171,8171,1,19,92651,482.08
8171,8171,1,20,96110,549
8171,8171,1,21,238732,194.09
8171,8171,1,22,96108,400.82
8171,8171,1,23,96433,477.43
8171,8171,1,24,275474,217.77
8171,8171,1,25,135427,666.52
8171,8171,1,26,96903,430.22
8171,8171A,1,1,155390,
8171,8171A,1,2,263259,195.97
8171,8171A,1,3,263258,826.85
8171,8171A,1,4,98549,354.33
8171,8171A,1,5,271711,474.79
8171,8171A,1,6,92663,663.5
8171,8171A,1,7,263522,645.8
8171,8171A,1,8,263256,1083.05
8171,8171A,1,9,263255,788.87
8171,8171A,1,10,155253,735.29
8171,8171A,1,11,263523,852.06
8171,8171A,1,12,92657,1445
8171,8171A,1,13,282500,880.11
8171,8171A,1,14,92655,469
8171,8171A,1,15,278138,563.33
8171,8171A,1,16,92653,231.44
8171,8171A,1,17,263252,473.08
8171,8171A,1,18,311235,451.75
8171,8171A,1,19,92651,482.08
8171,8171A,1,20,96110,548.94
8171,8171A,1,21,238732,194.23
8171,8171A,1,22,96108,401.67
8171,8171A,1,23,96433,474.76
8171,8171A,1,24,294107,654.34
8171,8171A,1,25,251456,1437.3
8171,8171A,1,26,294108,1926.23
8171,8171B,0,1,294105,
8171,8171B,0,2,92652,3735.84
8171,8171B,0,3,98714,472.2
8171,8171B,0,4,92654,253.61
8171,8171B,0,5,136483,555.25
8171,8171B,0,6,282788,507.13
8171,8171B,0,7,150902,823.95
8171,8171B,0,8,98551,1384.79
8171,8171B,0,9,136484,920.83
8171,8171B,0,10,92660,731.87
8171,8171B,0,11,92661,831.42
8171,8171B,0,12,98550,1009.3
8171,8171B,0,13,150908,694.38
8171,8171B,0,14,92664,642.38
8171,8171B,0,15,293534,474.83
8171,8171B,0,16,92666,355.27
8171,8171B,0,17,92667,859.24
8171,8171B,0,18,146548,203.37
8172,8172,0,1,297077,
8172,8172,0,2,96102,973.47
8172,8172,0,3,96103,397.79
8172,8172,0,4,271718,861.89
8172,8172,0,5,271872,465.52
8172,8172,0,6,271875,453.03
8172,8172,0,7,238991,671.77
8172,8172,0,8,92650,214.34
8172,8172,0,9,242597,571.27
8172,8172,0,10,311234,474.92
8172,8172,0,11,263264,2350.23
8172,8172,1,1,263264,
8172,8172,1,2,311235,2357.15
8172,8172,1,3,92651,482.13
8172,8172,1,4,96110,549.08
8172,8172,1,5,238732,193.33
8172,8172,1,6,271876,691.66
8172,8172,1,7,271873,416.01
8172,8172,1,8,271720,497.99
8172,8172,1,9,135427,828.54
8172,8172,1,10,96903,430.24
8172,8172,1,11,190394,310.72
8173,8173,0,1,98517,
8173,8173,0,2,98524,1052.9
8173,8173,0,3,98519,2057.62
8173,8173,0,4,98520,1231.76
8173,8173,0,5,98522,2640.83
8173,8173,1,1,275484,
8173,8173,1,2,263497,2666.85
8173,8173,1,3,263496,1221.87
8173,8173,1,4,263499,2017.63
8173,8173,1,5,276042,1080.53
8178,8178,0,1,136480,
8178,8178,0,2,294077,424.2
8178,8178,0,3,99348,759.93
8178,8178,0,4,98531,487.87
8178,8178,0,5,136481,1658.88
8178,8178,0,6,99346,867.66
8178,8178,0,7,98529,943.54
8178,8178,0,8,98509,570.28
8178,8178,0,9,136482,542.6
8178,8178,0,10,98528,955.02
8178,8178,0,11,98922,1711.28
8178,8178,0,12,307539,495.84
8178,8178,0,13,99342,626.82
8178,8178,0,14,136533,4343.61
8178,8178,0,15,136534,9520.64
8178,8178,0,16,136535,2606.05
8178,8178,0,17,99341,1599.06
8178,8178,0,18,99340,9680.53
8178,8178,1,1,275489,
8178,8178,1,2,263616,9699.43
8178,8178,1,3,264471,1557.4
8178,8178,1,4,264470,2625.2
8178,8178,1,5,264469,9540.39
8178,8178,1,6,263617,4305.89
8178,8178,1,7,307540,638.95
8178,8178,1,8,263565,500.8
8178,8178,1,9,263503,1712.05
8178,8178,1,10,264461,963.07
8178,8178,1,11,263493,552.04
8178,8178,1,12,263504,552.78
8178,8178,1,13,263618,956.83
8178,8178,1,14,264460,879.98
8178,8178,1,15,263505,1646.24
8178,8178,1,16,263620,498.19
8178,8178,1,17,294078,764.88
8178,8178,1,18,264459,430.68
8181,8181,0,1,290050,
8181,8181,0,2,290051,815.55
8181,8181,0,3,292653,953.31
8181,8181,0,4,290053,2775.67
8181,8181,0,5,290059,1468.22
8181,8181,0,6,182977,1182.27
8181,8181,0,7,290061,312.86
8181,8181,0,8,290063,1108.46
8181,8181,0,9,290065,895.71
8181,8181,0,10,95736,14030.31
8181,8181,0,11,191243,234.97
8181,8181,0,12,189713,1069.67
8181,8181,0,13,189831,594.96
8181,8181,0,14,95738,636.48
8181,8181,0,15,189833,918.51
8181,8181,0,16,190638,1218.84
8181,8181,0,17,189718,281.21
8181,8181,0,18,263291,284.77
8181,8181,0,19,136112,1486.12
8181,8181,0,20,95637,283.87
8181,8181,0,21,95636,754.17
8181,8181,0,22,95635,1015.62
8181,8181,0,23,136116,886.72
8181,8181,0,24,95743,405.28
8181,8181,0,25,136118,625.69
8181,8181,0,26,136119,189
8181,8181,0,27,136120,411.39
8181,8181,0,28,275473,412.02
8181,8181,0,29,95629,284.31
8181,8181,0,30,238731,691.12
8181,8181,0,31,95746,1606.12
8181,8181,0,32,136125,368
8181,8181,0,33,191354,803.26
8181,8181,0,34,95747,859.53
8181,8181,0,35,136092,297.69
8181,8181,0,36,136129,1252.55
8181,8181,0,37,136130,492.78
8181,8181,0,38,135320,443.53
8181,8181,1,1,264418,
8181,8181,1,2,95621,440.49
8181,8181,1,3,95622,522.94
8181,8181,1,4,95748,1196.59
8181,8181,1,5,136093,305.97
8181,8181,1,6,190508,856.15
8181,8181,1,7,135431,811.73
8181,8181,1,8,136096,359.13
8181,8181,1,9,238993,1621.84
8181,8181,1,10,136098,709.43
8181,8181,1,11,95630,266.77
8181,8181,1,12,95745,346.28
8181,8181,1,13,135432,464.17
8181,8181,1,14,95744,203.8
8181,8181,1,15,136103,631.18
8181,8181,1,16,95742,369.62
8181,8181,1,17,136105,908.67
8181,8181,1,18,136106,1013.66
8181,8181,1,19,136107,746.12
8181,8181,1,20,95638,281.96
8181,8181,1,21,95741,1500.76
8181,8181,1,22,135433,291.15
8181,8181,1,23,95740,274.3
8181,8181,1,24,95739,1173.91
8181,8181,1,25,190092,984.38
8181,8181,1,26,190869,588.79
8181,8181,1,27,190870,617.61
8181,8181,1,28,191376,1019.79
8181,8181,1,29,190096,241.31
8181,8181,1,30,290066,14087.25
8181,8181,1,31,290064,875.66
8181,8181,1,32,290062,1077.3
8181,8181,1,33,182990,522.17
8181,8181,1,34,290060,995.36
8181,8181,1,35,290054,1504.86
8181,8181,1,36,292654,2726.75
8181,8181,1,37,290052,929.05
8181,8181,1,38,290050,857.93
